ru,en,tr,fr,note
ГИГАХРУЩ,Gigastructure,Gigastructure,Gigastructure,"Бесконечный техногенный комплекс, в котором происходит действие; центральный элемент сеттинга. Замер: 85 строк, «Gigastructure» 70 / капсом 22; в раннем прогоне встречались Gigakhrushch, Gigachrunch и ещё 26 написаний - допускается только это."
САМОСБОР,Samosbor,Samosbor,Samosbor,"Разрушительный феномен, давший имя игре; после него ликвидаторы идут на зачистку. Транслитерация во всех языках. Замер: 44 строки; во французском 14 раз «l'auto-assemblage» - это дефект, слово переводить нельзя."
Ликвидатор,Liquidator,Likidatör,Liquidateur,"Профессия и каста: устраняет последствия САМОСБОРА, носит корочку и огнемёт. Замер: 206 строк, во всех трёх языках вариант устойчив."
Ячейка,Cell,Hücre,Cellule,"Жилая единица Гигахруща, где живёт семья; из ячеек состоит блок. Замер: 77 строк; в турецком вместо «hücre» идут «daire» и «ev» - расхождение с глоссарием."
Блок,Block,Blok,Bloc,"Крупная жилая секция Гигахруща из ячеек, со своим номером (Г-Х3-22) и начальником ликвидационного корпуса. Замер: 92 строки."
Партия,Party,Parti,Parti,"Политическая партия, управляющая Гигахрущом; от её имени выдают награды и наказания. Всегда с заглавной. Замер: 129 строк, 12 раз строчными."
Комиссар,Commissar,Komiser,Commissaire,"Партийная должность с боевой подготовкой (техника Танцевалова). Заглавная в обращении. Замер: 64 строки, 18 раз строчными."
Старейшина,Elder,Bilge,Ancien,"Глава Общины Чистых, авторитет которого держится на Ритуале Очищения. Замер: 53 строки; турецкий - «Bilge» 30 раз, «Yaşlı» из ручного глоссария в корпусе не встречается."
Чистые,Pure,Safkanlar,Purs,"Религиозная фракция за пределами Партии: живёт в палатках у Костра, ведёт послушников к Истине. Всегда с заглавной, множественное. Замер: 100 строк, «the Pure» 58 / «Pure Ones» 17 - выбрать одно."
Община,Commune,Komünite,Commune,Поселение Чистых во главе со Старейшиной. Заглавная. Замер: 41 строка; в корпусе преобладают «community» и «communauté» - расхождение с глоссарием.
Плесень,Mold,Küf,Moisissure,"Разумная плесень, порождение Гигахруща; захватывает носителей. Замер: 77 строк."
Плесенка,Sporechild,Küfdoğan,,"Ласковое имя Плесени как персонажа - Святая у Чистых, сопровождаемая послушником. Отдельный термин от «Плесень»: замер 22 строки, «Sporechild» 15 против 5 ошибочных «Mold». Французского отдельного слова нет, в прогоне слилось с «moisissure» - требует решения переводчика."
Концентрат,Concentrate,Konsantre,Concentré,"Базовая еда Гигахруща, выдаётся по талонам; красный сорт - привилегия. Замер: 40 строк."
Пищконцентрат,Food concentrate,Gıda konsantresi,Concentré alimentaire,"Паёк из концентрата, им же кормят и в него перерабатывают. Замер: 16 строк."
Талон,Coupon,Fiş,Coupon,"Продуктовый талон, единица распределения (талон на красный концентрат). Замер: 11 строк, «coupon» 7 / «voucher» 1 / «ticket» 1."
Знамя,Banner,Bayrak,Bannière,"Знамя Хозяйства, которое несут на ЧЗХ по старшинству; право нести его снимают за баллы. Замер: 37 строк, «flag» 2."
Гермодверь,Airtight door,Hava geçirmez kapı,Porte étanche,Герметичная дверь ячейки или блока; в источнике есть варианты «гермошлюз» и «гермоячейка». Замер: 22 строки; во французском 9 раз «porte blindée» - расхождение с глоссарием.
НИИ,Research institute,Araştırma Enstitüsü,Institut de recherche,"Научно-исследовательский институт Гигахруща: изучает слизь, сущности, строит ГРАВИЖЕРНОВ. Раскрывается полностью, аббревиатура не переносится. Замер: 50 строк."
ЧЗХ,WTF,AMK,PTN,"Аббревиатура праздника «Чествование Знамён Хозяйств», созвучная ругательству; в каждом языке подобран свой созвучный акроним. Замер: 11 строк, во всех en - «WTF»."
Чествование Знамён Хозяйств,Work Tough Fest,Aşırı Mesai Kutlamaları,,"Государственный праздник с парадом знамён; название подобрано так, чтобы аббревиатура читалась как ругательство. Французский вариант обязан раскрываться в «PTN» - в прогоне вышла описательная «cérémonie ... des drapeaux», акроним потерян."
Аристарх,Aristarkh,Aristarkh,Aristarkh,"Имя персонажа (Аристарх Бетонович). Транслитерация, не локализуется. Замер: 31 строка."
Бетонович,Betonovich,Betonovich,Betonovich,"Говорящее отчество (от «бетон») персонажа Аристарха. Транслитерация: шутка теряется, но имя остаётся узнаваемым. Замер: 28 строк."
Бомж,Homeless,Evsiz,Sans-abri,"Житель нижних уровней без ячейки; сюжетно запирается в продхранилище. Замер: 34 строки, «homeless» 27 / «bum» 3; во французском «sans-abri» 17 / «clochard» 14 - выбрать одно."
Игорь,Igor,Igor,Igor,"Имя персонажа-ликвидатора. Не путать с «Игор» - послушником Чистых: в источнике это разные люди, различие только в мягком знаке."
Максим,Maxim,Maxim,Maxim,Имя персонажа; короткая форма «Макс» передаётся как «Max». Замер: 51 строка.
Настя,Nastya,Nastya,Nastya,Имя главной героини; уменьшительное «Настенька» передаётся тем же именем. Замер: 233 строки.
Паша,Pasha,Pasha,Pasha,Имя персонажа; «Пашка» - то же имя. Замер: 33 строки; во французском 10 раз «Pacha» - расхождение.
Петрович,Petrovich,Petrovich,Petrovich,Отчество-обращение к преподавателю ликвидаторов. Французское «-itch» не используется: в прогоне 36 раз «Petrovitch» против 21 «Petrovich».
Петя,Petya,Petya,Petya,"Имя персонажа (Петя Сидоров). Замер: 37 строк, дважды ошибочно «Peter»."
Юля,Yulia,Yulia,Yulia,"Имя персонажа; «Юлька», «Юлия» - то же лицо. Замер: 106 строк."
ЭВМ,Computer,Bilgisayar,Ordinateur,"Ретро-компьютер НИИ, на котором отделяют сущность от субъекта. Аббревиатура не переносится в перевод. Замер: 5 строк."
Чернобог,Chernobog,Chernobog,Chernobog,"Тёмное божество городского фольклора Гигахруща; ругательство «Чернобог побери». Имя собственное, транслитерируется и не заменяется нейтральным проклятием. Замер: 8 строк, в одной имя выброшено и заменено на «Damn it»."
Мясной Поезд,Meat Train,Et Treni,Train de la Viande,"Городская легенда Гигахруща: поезд из мяса, который можно вызвать. Оба слова с заглавной, даже когда в источнике строчная. Замер: 13 строк, 11 «Meat Train» против 3 «meat train»."
Поезд,Train,Tren,Train,"Тот же Мясной Поезд, названный одним словом. Заглавная, когда речь о легенде, строчная - только о настоящем транспорте. Замер: 23 строки, 13 «Train» против 12 «train»."
Хриплый,Rasp,Boğuk,,"Кличка ликвидатора по голосу, действующее лицо. Переводится как кличка, а не как описание голоса. Замер: 24 строки, 17 «Rasp» против 7 «hoarse»; в турецком кличка потеряна целиком - «yüzünde sıyrıklar olan bir adam» (человек со ссадинами на лице)."
Костёр,Bonfire,Ateş,feu de joie,"Ритуальный огонь общины Чистых, вокруг которого стоит лагерь; метафора Веры («Истинную Веру надо поддерживать, как Костёр»). Один рендеринг на все упоминания. Замер: 33 строки, «bonfire» 11 / «fire» 10 / «flame» 5."
Послушник,Apprentice,Çırak,novice,"Начальная ступень в общине Чистых; так к игроку обращаются весь их арк. Замер: 26 строк, «apprentice» 12 / «Apprentice» 10 / «novice» 1."
Святая,Saint,Aziz,Sainte,"Титул Плесенки у Чистых. Всегда с заглавной, это титул, а не прилагательное. Замер: 10 строк, один раз строчное «a saint»."
Истина,Truth,Hakikat,Vérité,"Догмат Чистых, к которому ведёт «долгий путь». Заглавная. Замер: 5 строк, 2 «Truth» против 2 «truth»."
Вера,Faith,İnanç,Foi,"Вероучение Чистых как институт. Заглавная, когда это учение, строчная - только про бытовое доверие. Замер: 12 строк, «faith» 7 / «Faith» 4 / «belief» 1."
Добродетель,Virtue,Erdem,Vertu,Предписанная Чистыми цель «творить только Добродетель». Заглавная.
Ритуал Очищения,Purification Ritual,Arınma Ritüeli,rituel de Purification,"Обряд посвящения у Чистых, поворотная точка сюжета. Оба слова с заглавной."
Гнилушка,Rotling,Rotling,Pourriton,"Детская страшилка Гигахруща, вызывается перед зеркалом; женский род. Имя собственное, не переводится описательно."
Сущность,Entity,Varlık,Entité,"Плесневая сущность внутри носителя; терминология ЭВМ и НИИ («Отделить сущность от субъекта»). Заглавная, когда речь об объекте исследования. Замер: 10 строк, «Entity» 8 / «entity» 3."
Альтер Эго,Alter Ego,Alternatif Benlik,Alter Ego,Захватившая тело Насти сущность; название способности в интерфейсе. Оба слова с заглавной.
Семисменок,Seven-shift,Yedi vardiya,sept quarts,"Единица времени Гигахруща - семь смен, местный аналог недели. Замер: 18 строк; «seven-shift» 11, но 3 раза «week» и 1 раз «seven minutes»; в турецком «yedi dakika» (семь минут) вместо «yedi vardiya». Французский вариант задан глоссарием: в прогоне ru->fr он не установился."
Цикл,Cycle,Döngü,cycle,"Единица времени Гигахруща, местный аналог года; ей же измеряют возраст («вам уже пять циклов»). Не «year». Замер: 38 строк, дважды «year(s)»."
Смена,Shift,Vardiya,quart de travail,Рабочая смена как единица времени и трудовая повинность; из неё собран семисменок. Не «minute» и не «day». Замер: 47 строк.
Балл,Point,Puan,point,"Школьная оценка поведения; отрицательный балл - взыскание, влияющее на право нести знамя. Один рендеринг: «point». Замер: 24 строки, «point(s)» 25 / «score» 3 / «demerit» 2."
Хозяйство,Household,Hane,,Производственная единица Гигахруща со своим знамени и старшинством; из них состоит ЧЗХ. Старшинство хозяйств определяет порядок колонны. В турецком корпусе отдельного слова нет: «Hane» задаётся глоссарием.
Устав,Charter,Tüzük,,"Устав ликвидационного корпуса - книжка, которую курсанты заучивают наизусть. Замер: 11 строк, «charter» 5 / «rules» 3 / «regulations» 2."
Пионер,Pioneer,Öncü,pionnier,"Член детской организации Партии; звание, а не общее слово «первопроходец». Заглавная в обращении и в возгласах. Замер: 36 строк."
Желенин,Jellenin,Jellenin,Jellenin,"Основатель государства, пародия на Ленина; его именем назван Шарикоподшипниковый Цех, ему приписан лозунг про учёбу. Транслитерация фиксирована: не «Lenin». Французский вариант задан глоссарием: в прогоне ru->fr он не установился."
Танцевалов,Tantsevalov,Tantsevalov,Tantsevalov,"Автор боевой техники комиссаров («удары по технике Танцевалова»). Фамилия, не описание танца. Замер: 2 строки, в одной en «Dance-style», в другой tr «dans hareketi». Французский вариант задан глоссарием: в прогоне ru->fr он не установился."
Слизь,Slime,Balçık,limon,"Продукт самосбора, который убирают ликвидаторы; предмет изучения НИИ. Замер: 17 строк, один раз «mucus». Французский вариант задан глоссарием: в прогоне ru->fr он не установился."
НИИ Слизи,Slime Research Institute,Balçık Araştırma Enstitüsü,Institut de recherche sur les limons,"Научный институт Партии, изучающий слизь и сущности; место работы игрока в одной из ветвей. Название целиком, «НИИ» не разворачивается иначе."
Сухпай,Dry rations,Kurutulmuş erzak,rations sèches,"Сухой паёк ликвидатора и награда от имени Партии; отсюда же «сухпайконцентрат». Замер: 8 строк, «dry ration(s)» 5 / «rations» 2."
Паёк,Ration,Erzak,ration,"Норма выдачи пищконцентрата; её сокращают как наказание. Не смешивать с сухпаем: паёк - норма, сухпай - носимый набор."
Ветеран труда,Labor veteran,Kıdemli işçi,vétéran du travail,"Отработавший свои смены житель, живущий в отдельном сегменте ячеек; пионеры к нему приставлены помогать. Замер: 6 строк, «labor» против «labour» вперемешку."
Бетоноед,Concrete eater,Beton yiyici,mangeur de béton,"Лабораторное животное НИИ, сидит в клетке. Замер: 5 строк; в турецком «konsantre yiyici» (поедатель концентрата) вместо бетона."
Классная руководительница,Homeroom teacher,Sınıf öğretmeni,,"Школьная должность, снимающая баллы и допускающая к знамени. Женский род в источнике, в переводе род не обязателен."
Игор,Igor,Igor,Igor,"Послушник Чистых, вербующий игрока; отдельный персонаж, не путать с ликвидатором Игорем из глоссария - в источнике имя без мягкого знака. Замер: 44 строки, транслитерация «Igor» устойчива."
Спиридон Самосборович,Spiridon Samosborovich,Spiridon Samosborovich,Spiridon Samosborovitch,"Крыса-питомец с человеческим отчеством от слова «самосбор»; отчество несёт шутку и не выбрасывается. Замер: 6 строк, отчество передано лишь в одной. Французский вариант задан глоссарием: в прогоне ru->fr он не установился."
Людмила Михайловна,Lyudmila Mikhailovna,Lyudmila Mihaylovna,Lyudmila Mikhaïlovna,"Школьная работница, ведущая пионеров к ветеранам труда. Имя и отчество целиком, отчество не заменяется на «Bayan». Французский вариант задан глоссарием: в прогоне ru->fr он не установился."
Сидоров,Sidorov,Sidorov,Sidorov,Однокурсник Петя Сидоров из ликвидаторского училища; фамилия используется отдельно как обращение.
Серёга,Sergei,Sergei,Seryoga,"Товарищ по отряду, погибает в самосборе; уменьшительное от Сергея, в переводе передаётся полным именем единообразно."
Бальзаминов Песок Палыч,Balzaminov Pesok Palych,Balzaminov Pesok Palych,,"Ветеран труда, к которому приставлена Настя; имя-отчество - шутка (песок, «Палыч»), передаётся транслитерацией целиком."
Ботан,Nerd,Çokbilmiş,,"Кличка курсанта-отличника, употребляется с воинским званием («рядовой Ботан»). Кличка, а не общее «умник»."
Курсант,Cadet,Harbiyeli,cadet,"Учащийся ликвидаторского училища; из курсантов набирают отряды. Замер: 23 строки, «cadet(s)» устойчиво."
Зачистка,Cleanup,Temizlik,nettoyage,Штатная операция ликвидаторов после самосбора: выжигание слизи и вывоз останков. Не «purge» и не «sweep».
Мутант,Mutant,Mutant,mutant,"Житель, изменённый плесенью; в курсе хим. защиты противопоставлен порождению самосбора. Замер: 21 строка."
Порождение самосбора,Samosbor creature,Samosbor yaratığı,,"Существо, возникшее в момент самосбора; экзаменационное отличие от мутанта. «Самосбор» внутри термина сохраняет транслитерацию."
Ликвидационный корпус,Liquidation Corps,Likidatör Birlikleri,Corps de liquidation,"Военизированная структура ликвидаторов со своим уставом и начальником по блоку. Оба слова с заглавной. Замер: 5 строк, 3 раза строчными."
ГРАВИЖЕРНОВ,Gravity-Mill,Yerçekimi Değirmeni,,"Оружие НИИ, стреляющее гравитационными аномалиями; в интерфейсе капсом. Дефис в английском сохраняется. Замер: 4 строки."
Гриб,Mushroom,Mantar,champignon,"Основная пища жителей Гигахруща, альтернатива концентрату; сырьё Чистых. Замер: 13 строк."
Топливо,Fuel,Yakacak,carburant,"Ресурс, который Чистые собирают в мусоре для Костра; наравне с едой мотив их выходов наружу. Замер: 11 строк."
Мусор,Trash,Çöp,déchets,"Кучи отбросов Гигахруща, источник топлива и вещей для Чистых. Замер: 20 строк, «trash» 15 / «rubbish» 2 / «junk» 1 / «garbage» 1."
Палатка,Tent,Çadır,tente,"Жильё в лагере Чистых, противопоставлено ячейке Гигахруща. Замер: 17 строк."
Балахон,Robe,Cüppe,,"Одежда Чистых; цвет различает роли (белые - община, чёрные - мусорщики). Замер: 7 строк, «robe» и «hooded robe» вперемешку."
Столовая,Cafeteria,Kantin,cantine,Пункт выдачи горячего питания в школе и НИИ; место сюжетных сцен с талонами. Замер: 9 строк.
Санитар,Paramedic,Sağlık görevlisi,,"Медработник Гигахруща: колет морфий, меняет пелёнки; в женском роде «санитарка». Не «nurse», когда речь о медпункте ликвидаторов."
Огнемёт,Flamethrower,Alev makinesi,lance-flammes,"Штатное средство ликвидатора против слизи, носится ранцем. Замер: 8 строк."
Ментальное здоровье,Mental health,Akıl sağlığı,santé mentale,"Игровой параметр, который падает от зачисток и сцен насилия; в текстах смерти формулируется как порог. Термин интерфейса, переводится единообразно."
Медпункт,Medical center,Revir,infirmerie,"Медицинский пост блока и школы. Замер: 2 строки, «medical center» против «revir/sağlık merkezi» - выбрать один рендеринг на язык."
Продхранилище,Food storage,Yiyecek deposu,,"Склад пищконцентрата блока; сюжетное место, где запирают бомжа. Сокращение из «продовольственное хранилище», в переводе не расшифровывается длиннее."
Обращённый,Converted,Dönüşmüş,converti,"Житель, перешедший под контроль плесени во время самосбора. Замер: 3 строки, в турецком слово потеряно целиком."
Сектор,Sector,Sektör,secteur,"Территориальная единица Гигахруща с буквенно-цифровым кодом (ХЗ-33, Г-Х3-22); код не переводится и не переставляется. Замер: 6 строк."
Бетоноточка,Concrete head,Beton kafa,,"Ругательство жителей Гигахруща по образцу «бетон»; ругательство, а не название объекта."
Шарикоподшипниковый Цех имени Желенина,Jellenin Ball Bearing Plant,Jellenin Bilyalı Rulman Fabrikası,,"Завод, названный в честь Желенина; пропуск - ликвидаторская корочка. Имя в названии сохраняет транслитерацию «Jellenin»."
Хим. защита,Chemical defense,Kimyasal savunma,,"Учебный предмет в училище ликвидаторов, с журналом посещений. Замер: 1 строка, в турецком предмет не назван."
Сверхурочные,Overtime,Fazla mesai,,"Дополнительные смены, из-за которых родители не приходят домой; ими же мотивировано ЧЗХ."
Койка,Bunk,Ranza,couchette,"Спальное место в казарме и медпункте. Замер: 6 строк, «bunk» 3 / «bed» 2 / «cot» 1; в турецком «ranza» и «yatak» вперемешку."
Красный концентрат,Red concentrate,Kırmızı konsantre,concentré rouge,"Дефицитный сорт пищконцентрата, выдаётся по талону и служит признаком привилегии. Замер: 4 строки."
Новый Цикл,the New Cycle,Yeni Döngü,Nouveau Cycle,"Главный праздник Гигахруща, аналог Нового года; в источнике оба слова с заглавной и в кавычках. Пришёл из ручного глоссария (glossary-col4-flat). Замер: 1 строка, EVENT_363."
ёЛ-К4,X-MAS-3,X-MAS-3,X-MAS-3,"Живое «изделие» вместо ёлки, которое к концу праздника умирает; в переводах всегда в кавычках и одинаково во всех языках. Название - шифр по образцу заводской номенклатуры, не переводится и не транслитерируется. Пришёл из ручного глоссария (glossary-col4-flat). Замер: 4 строки, EVENT_363/365."
