id,ru,en,fr,it,de,ja,ko,pt-PT,zh-CN,zh-TC,es,notes
char_leon,Леон,Leon,,,,レオン,,,,,,"Имя собственное, мужской род, одушевлённое. Главный герой игры, дзинко (полу-человек полу-лис), сбежавший раб. Речь грубая, много мата и просторечия - сохранять сниженный регистр. Транслитерировать, не переводить по смыслу. Канон: Leon / レオン. Досье из листа Terms: Леон - дзинко, главный герой игры. Еще в детстве его доставили в Империю Людей вместе с другими дзинко для священного ритуала. Однако он оказался ""лишним"" в партии, и поэтому его хотели пустить на эксперименты. Однако Маста - брат Императора - забрал дзинко, чтобы тот был забавой для его детей. Фактически он спас Леона от участи провести всю жизнь в колбе сделав его своим рабом. Долгое время Леон провел в оковах, пока не вырвался на свободу с помощью Джо. Теперь он готов найти свою сестру Аки и освободить оставшихся дзинко."
char_aki,Аки,Aki,,,,アキ,,,,,,"Имя собственное, женский род, одушевлённое. Сестра Леона, китцуне; к моменту событий мертва. Транслитерировать. В языках с родом согласовывать по женскому роду. Досье из листа Terms: Аки - китцуне, сестра Леона, которую он будет стремится найти на протяжении всей игры. Большую часть игры ее местоположение - неизвестно, но она мертва. Ее дух заключен в механическом сердце Токуры."
char_joe,Джо,Joe,,,,ジョエ,,,,,,"Имя собственное, мужской род, одушевлённое. Демонический паук-ёкай, спутник Леона; говорит вкрадчиво и книжно, в отличие от Леона - без мата. Леон зовёт его Паук / чудила. Транслитерировать. Досье из листа Terms: Демонический паук, ёкай, который и помогает Леону сбежать из поместья Масты. Большую часть истории он будет верным помощником Леона, чтобы в конце показать свою демоническую сущность. Использует Леона в своем плане как инструмент, мастерски играя на его чувствах."
char_kazuo,Кадзуо Ивамото,Kazuo Iwamoto,,,,イワモト カズオ,,,,,,"Имя собственное, мужской род. Первый босс, начальник охраны семьи Маста, владеет электричеством. Порядок: имя Кадзуо + фамилия Ивамото; та же фамилия в названиях Шахты Ивамото и Замок Ивамото - согласовать написание. Разночтение в исходнике: Kazuo Iwamoto и Kazuo Ivamoto; канон - Iwamoto. Досье из листа Terms: Человек. Сын Павваро. Первый босс игры. Благодаря вливаниям маны научился контроллировать электричество и молнию, что использует в сражениях. Был главой охраны второго человека в Империи - Масты."
char_rei,Рей,Rei,,,,レイ,,,,,,"Имя собственное, мужской род, одушевлённое. Нага, врачеватель, спутник Леона; вежливая мягкая речь без мата - контраст с Леоном. Транслитерировать. РАЗНОЧТЕНИЕ В ИСХОДНИКЕ: Рей и Рэй в русском, Rei и Ray в латинице. Переводить единообразно, канон - Rei. Досье из листа Terms: Рей - нага, помощник Леона на всем его пути. До того, как его забрали в шахты рабом (где он и встретил Леона), Рей был травником в деревне людей. Несмотря на все притеснения он продолжает верить в людей, т.к. в его жизни было много примеров, когда люди относились к нему как к равному. В шахтах продолжает помогать всем окружающим, лечить их и поддерживать. Он хотел бы обойтись без убийств, но понимает, что иногда это невозможно."
char_pavvaro,Павваро,Pavvaro,,,,パッバロ,,,,,,"Имя собственное, мужской род. Серый кардинал Империи, старый самурай, командует штурмом храма; говорит приказами, отрывисто. Транслитерировать. РАЗНОЧТЕНИЕ: Pavvaro и Pawwaro; канон - Pavvaro. Досье из листа Terms: Серый кардинал Империи. Человек, который контролирует производство оружия из маны и ее использование. Он управляет Заводом, где из дзинко добывают ману. Старый и мудрый самурай, чьи золотые годы уже давно позади, и только большие вливания маны поддерживают в нем жизнь."
char_tokura,Токура,Tokura,,,,トクラ,,,,,,"Имя собственное, женский род, одушевлённое. Дочь Павваро, учёная и воин; в её механическом сердце заключён дух Аки. Транслитерировать, согласовывать по женскому роду. Досье из листа Terms: Человек. Дочь Павваро. Ученая и профессиональный воин. Всю жизнь она изучала дзинко и ману, но чем больше она изучала их, их культуру и обычаи, ману и ее влияние на мир, тем больше она понимала, что то чем занимается ее отец - неправильно. Поэтому Токура решила освободить дзинко и сделать все, чтобы Завод прекратил свою работу."
char_masta,Маста,Masta,,,,マスタ,,,,,,"Имя собственное, мужской род. Брат Императора, хозяин поместья, где Леона держали на цепи. Употребляется как «семья Маста», «поместье Масты», к нему же обращаются «хозяин». Транслитерировать: Masta / マスタ. Не переводить как master - это имя, а не должность, хотя в тексте оно намеренно рифмуется с обращением «хозяин»."
char_seri,Сэри-Молния,Seri-Lightning,Seri-Lightning,Seri-Lightning,Seri-Lightning,セリ・ライトニング,세리-라이트닝,Seri-Lightning,塞里·莱特宁,塞莉·閃電,Seri-Lightning,"Имя собственное с прозвищем через дефис, женский род. Дух предка Леона, старшая смотрительница храма Иннары; даёт способность Электроудар. Зовёт Леона «дитя». Говорит по-стариковски, ворчливо. Первая часть транслитерируется, вторая часть - прозвище «Молния» - переводится или транслитерируется, но единообразно во всех строках. РАЗНОЧТЕНИЕ: Seri-Lightning и Seri-Blitz, 塞里·莱特宁 и 塞莉·閃電, в одной строке zh-CN имя вовсе потеряно."
char_kurogane,Курогане Ямито,Yamito Kurogane,Kurogane Yamito,Kurogane Yamito,Kurogane Yamito,ヤミト・クロガネ,쿠로가네 야미토,Kurogane Yamito,库罗加内·亚米托,庫羅加內·亞米托,Kurogane Yamito,"Имя собственное, мужской род. Главный надзиратель шахт, босс уровня; трус, всех запугивает репутацией. В русском порядок фамилия Курогане + имя Ямито; английский вариант переставлен на Yamito Kurogane, остальные языки сохранили японский порядок. Выбрать один порядок для всех языков."
char_kuma,Кума,Kuma,Kuma,Kuma,Kuma,Kuma,Kuma,Kuma,Kuma,Kuma,Kuma,"Имя собственное, мужской род. Чемпион арены, босс демоверсии, медведь-громила; говорит о еде, костях и берлоге - образность медведя важна для реплик. Транслитерировать (яп. «медведь»)."
char_hazuo,Хадзуо,Hazuo,,,,,,,,,,"Имя собственное, мужской род. Паук-барахольщик и хранитель знаний, собрат Джо; держит лавку «Тысяча мелочей», без конца рассказывает исторические байки - речь многословная, старомодная. Транслитерировать. Русские реплики этого персонажа пока не переведены ни на один язык."
char_motoki,Мотоки,Motoki,,,,,,,,,,"Имя собственное, мужской род. Старик-хозяин раменной в Рыбном тупике, сдаёт героям подсобку, подслушивает, кричит капсом. Транслитерировать. Реплики не переведены ни на один язык."
char_saki,Саки,Saki,,,,,,,,,,"Имя собственное, женский род. Работница раменной, одёргивает Мотоки, говорит капсом. Транслитерировать как Saki. НЕ ПУТАТЬ с напитком саке (sake) - в латинице формы почти совпадают."
char_yaeko,Яэко,Yaeko,,,,,,,,,,"Имя собственное, женский род. Госпожа чайного домика, даёт задание доставить послание в Нижний Город; речь учтивая, деловая. Обращается к Леону «молодой человек», «мальчик». Транслитерировать. Реплики не переведены."
char_tsuru,Цуру,Tsuru,,,,,,,,,,"Имя собственное, женский род. Девушка из чайного домика, поддразнивает Леона. Транслитерировать. Реплики не переведены."
char_momo,Момо,Momo,,,,,,,,,,"Имя собственное, женский род. Девушка из чайного домика. Транслитерировать. Реплики не переведены."
char_haru,Хару,Haru,,,,ハル,,,,,,Имя собственное. В исходнике так зовут двух разных персонажей: охранника поместья из записки Пролога и мальчика на пристани в Столице. Транслитерировать одинаково: Haru / ハル.
char_unagi,Унаги,Unagi,,,,,,,,,,"Имя собственное, мужской род. Рыбак, «дядя Унаги», вечно пьёт в банях. Транслитерировать. Имя означает по-японски «угорь» и перекликается с заданием про нефритового угря - каламбур сохранять, если позволяет язык. Реплики не переведены."
char_yusei,Юсэи,Yusei,,,,,,,,,,"Имя собственное, мужской род. Деревенский мальчик, которому монах предсказал, что он погубит тысячи; стал Богом Смерти и Светочем культа. Транслитерировать. РАЗНОЧТЕНИЕ: Yusei и Yusai; канон - Yusei."
char_kai,Кай,Kai,,,,,,,,,,"Имя собственное, мужской род. Дух предка Леона, в одиночку разрушивший имперскую заставу; учит точному удару. Говорит сухо, с сарказмом. Транслитерировать."
char_juro,Дзюро,Juro,,,,,,,,,,"Имя собственное, мужской род. Лучший воин Павваро, гибнет под обломками в храме. Транслитерировать."
char_toji,Тодзи,Toji,Toji,Toji,Toji,トージ,토지,Toji,东司,東司,Toji,"Имя собственное, мужской род. Убитый мертвяками стражник, упоминается один раз в панической реплике. Транслитерировать."
char_ken,Кэн,Ken,Ken,Ken,Ken,ケン,켄,Ken,肯,肯,Ken,"Имя собственное, мужской род. Стражник в доспехах, романтик, влюблён в гейшу Хину; над ним подшучивает напарник. Транслитерировать."
char_hina,Хина,Hina,Hina,Hina,Hina,ヒナ,히나,Hina,希娜,希娜,Hina,"Имя собственное, женский род. Гейша из чайного домика, о которой мечтает Кэн. Транслитерировать."
char_kato,Като,Kato,,,,加藤,,,,,,"Имя собственное, мужской род. Имя с бытового плаката в Столице: «Като! Твоя очередь выносить мусор!». Транслитерировать, японский вариант - 加藤."
char_ryu,Рю,Ryu,,,,,,,,,,"Имя собственное, мужской род. Имперский солдат при штурме храма, к нему обращается напарник. Транслитерировать."
char_akito,Акито,Akito,,,,,,,,,,"Имя собственное, мужской род. Третий император, при котором построили Рыбный тупик и бамбуковые мосты; фигурирует только в исторических байках Хадзуо. Употребляется как «император Акито». Транслитерировать. Реплики не переведены."
char_innara,Иннара,Innara,Innara,Innara,Innara,インナラ,,Innara,因纳拉,伊納拉,Innara,"Имя божества дзинко, которому посвящён их деревенский храм; к нему взывают («Слава Инаре»). Транслитерировать. РАЗНОЧТЕНИЕ: Иннара / Инара, Innara / Inara; канон - Иннара / Innara. В корейском переводе строки с этим именем имя потеряно - строку надо перевести заново."
title_emperor,Император,Emperor,,,,皇帝,,,,,,"Титул, мужской род. Правитель Человеческой Империи; его брат - Маста. Переводить титулом, не транслитерировать. В сочетании «третий император Акито» порядковое числительное согласовать по правилам языка."
title_demon_emperor,Император Демонов,Demon Emperor,,,,悪魔の皇帝,,,,,,"Титул. Правитель потустороннего измерения, где живут ёкаи. Переводить титулом. Не путать с Императором людей - это разные персонажи."
title_svetoch,Светочь,Saint,,,,,,,,,,"Титул главы культа Бога Смерти (он же Юсэи), так его зовут последователи - с придыханием, почти как молитву. Переводить как религиозный титул («светоч, святой»), не транслитерировать. РАЗНОЧТЕНИЕ в русском: Светочь и Светоч; выбрать одно."
title_false_prophet,Лжепророк,False Prophet,,,,,,,,,,"Титул, которым Империя называет Светоча. Переводить смыслом, одним словом или устойчивым сочетанием. РАЗНОЧТЕНИЕ регистра в английском: the false prophet и the False Prophet - привести к одному."
title_death_god,Бог Смерти,God of Death,,,,,,,,,,"Титул божества культа в горном храме; им стал Юсэи. Переводить смыслом. В исходнике регистр скачет: «Бог Смерти», «бог смерти», встречается и «Демон Смерти» - привести к одному написанию."
title_infinity_demon,Демон Бесконечности,demon of infinity,,,,,,,,,,"Второй титул Юсэи в устах Джо, звучит как зловещее пророчество. Переводить смыслом."
title_chief_warden,Главный Надзиратель,Chief Warden,chef des gardiens,capo sorvegliante,Hauptaufseher,看守長,수감소장,Chefe de Segurança,首席看守,總監,jefe de guardias,"Должность Курогане Ямито, начальника шахт. Переводить смыслом. Встречается и просто «Надзиратель». КРУПНОЕ РАЗНОЧТЕНИЕ: в каждой строке должность переведена по-разному (Chief Warden, chef des gardiens и Capo Guardiano, capo sorvegliante, Oberaufseher и Hauptaufseher, 看守長 и 主任看守, 수감소장 и 수석 교도관, Chefe de Segurança и diretor da prisão, 首席看守 и 首席监护人, supervisor jefe и jefe de guardias). Закрепить один вариант на язык."
title_arena_champion,Чемпион арены,Arena Champion,Champion de l’arène,Campione dell’Arena,Arena-Champion,アリーナチャンピオン,아레나 챔피언,Campeão da Arena,竞技场冠军,競技場冠軍,Campeón de la arena,"Титул Кумы, выводится как подпись к боссу. Переводить смыслом."
team_nagato,Команда Нагато,Nagato's Team,Équipe de Nagato,Squadra di Nagato,Nagatos Team,長門チーム,나가토 팀,Equipe do Nagato,长门组,長門組,Equipo de Nagato,"Рабочая смена шахт, сброс в Отстойник в 7:00. Из служебного расписания на стене. Нагато - имя собственное, транслитерировать; слово «команда» переводить."
team_kento,Команда Кэнто,Kento's Team,Équipe de Kento,Squadra di Kento,Kentos Team,健人チーム,켄토 팀,Equipe do Kento,健人组,健人組,Equipo de Kento,"Рабочая смена шахт, сброс в Отстойник в 15:00. Кэнто - имя собственное, транслитерировать."
team_ikari,Команда Икари,Ikari's Team,Équipe d'Ikari,Squadra di Ikari,Ikari-Team,イカリチーム,이카리 팀,Equipe do Ikari,伊卡里组,碇組,Equipo de Ikari,"Рабочая смена шахт, сброс в 18:00, три выговора за опоздания; о них же говорят стражники после прорыва мертвяков. Икари - имя собственное, транслитерировать. РАЗНОЧТЕНИЕ в китайском традиционном: 碇組 и 伊卡里 - выбрать одно."
team_third_patrol,Третий патруль,Third Patrol,Troisième Patrouille,Terza Pattuglia,dritte Patrouille,第3パトロール,제3순찰대,Terceira Patrulha,第三巡逻队,第三巡邏隊,Tercera Patrulla,"Патруль шахт, пропавший за неделю до событий - первый намёк на мертвяков. Переводить смыслом, порядковое числительное согласовать. Употребляется как «зона третьего патруля»."
race_jinko,Дзинко,Jinko,,,,忍狐,,,,,,"Название расы, мужской род, одушевлённое; в русском не склоняется по числам единообразно - встречается «дзинко» и в ед., и во мн. числе. Полу-люди полу-лисы, накапливают больше всего ци, поэтому Империя держит их как сырьё. Транслитерировать, не переводить как «лис». РАЗНОЧТЕНИЕ: Jinko, Jinco, Dzinko, Zinko и ошибочное «zinc-headed»; в китайском 金科 / 金子 / 金虎 / 人狐. Канон - Jinko / 忍狐. Досье из листа Terms: Полу-люди, полу-лисы. Нелюди. Дзинко - мужской эквивалент ""китцуне"". Среди магических существ они считаются чуть ли не легендарными т.к. они могут аккамулировать очень много ци, больше чем все остальные расы."
race_kitsune,китцуне,kitsune,,,,キツネ,,,,,,"Название расы, женский эквивалент дзинко; раса Аки. Транслитерировать по японской традиции. В исходнике встречается только внутри описаний, в кавычках."
race_naga,Наги,Nagas,,,,ナーガ,,,,,,"Название расы, мужской род. Полу-люди полу-змеи, мирные травники и лекари; раса Рея. Транслитерировать. РАЗНОЧТЕНИЕ: Nag, Naga, Nagas, the Nagi в одном тексте - выбрать одну форму единственного и одну множественного числа. Досье из листа Terms: Полу-люди, полу-змеи. Нелюди. Наги - живущие в гармонии с природой существа. От природы слабые и немощные, наги привыкли к мирной жизни. Они часто выбирают стезю врачей, травников, поварок и т.д. На юге Империи люди часто живут по соседству с нагами, однако во всех остальных регионах они находятся все так же в категории ""бесправные нелюди""."
race_nonhuman,Нелюди,Non-human,,,,非人,,,,,,"Собирательное уничижительное название всех магических рас в устах людей; сами нелюди тоже им пользуются, свободные расы - нет. Ключевой оскорбительный термин игры, переводить единообразно и сохранять пренебрежительный оттенок. РАЗНОЧТЕНИЕ: Non-human, non-humans, nonhumans, inhuman вперемешку, часто с ошибкой артикля («a inhuman»). Канон - non-human. Досье из листа Terms: Общий термин для всех магических рас, который используют люди. ""Нелюди"" это привычное название для магических существ, поэтому существа живущие на территории Империии часто так обращаются друг к другу. Но этот термин уничижителен по отношению к ""нелюдям"", поэтому по-настоящему свободные магические расы не будут его использовать."
race_yokai,Ёкаи,Yōkai,,,,妖怪,,,,,,"Демоны мира Холлспик из потустороннего измерения, жестокие и могущественные; к нелюдям отношения не имеют, хотя люди верят в обратное. Транслитерировать по японской традиции. РАЗНОЧТЕНИЕ: Yōkai с макроном и yokai без него, в русском «Ёкаи» и «йокай» - привести к одному. Досье из листа Terms: Ёкаи - это демоны мира Холлспик. По местному поверию, именно из-за смешения людской крови и крвои ёкаев появились нелюди. Но это неправда, ёкаи не имеет ничего общего с нелюдьми и людьми. Они живут в своем потустороннем измерении, управляемые Императором Демонов. Они жестоки, кровожадны и могущественны. Если бы они могли, то давно бы завоевали мир людей."
race_inugami,Инугами,Inugami,Inugami,Inugami,Inugami,イヌガミ,이누가미,Inugami,犬神,犬神,Inugami,"Название расы нелюдей, из которых на шахтах выжимают ци; в служебных записках о них пишут как о расходном материале («Отработано инугами: 648»). Транслитерировать; в китайском устоялось 犬神."
race_tanuki,тануки,tanuki,,,,タヌキ,,,,,,"Магическая раса, упомянута в отчёте о запасах ци наряду с иннуэ и каппами. Транслитерировать по японской традиции."
race_kappa,каппы,kappa,,,,河童,,,,,,"Магическая раса, упомянута в отчёте о запасах ци. Транслитерировать по японской традиции; в китайском 河童. В русском во множественном числе."
race_innue,Иннуэ,Inu-e,,,,犬江,,,,,,"Магическая раса, упомянута в отчёте о запасах ци. Транслитерировать. В английском записано через дефис - Inu-e, в японском 犬江."
race_arachnid,Арахнид,Arachnid,,,,,,,,,,"Как Рей называет Джо, увидев его впервые - удивлённо-испуганно. Переводить смыслом («паукообразный»), не транслитерировать вслепую."
race_tengu,Тэнгу,Tengu,,,,,,,,,,"Ёкаи, вселившиеся в тела воскрешённых людей и водившие Светоча за нос; говорят издевательски. Транслитерировать по японской традиции. В русском тексте реплик слово не звучит - оно есть только в служебной колонке персонажей."
mob_deadhead,Мертвяки,Deadheads,Deadheads,I Deadheads,Deadheads,デッドヘッズ,데드헤드,Deadheads,死头党,行屍,Los Deadheads,"Ожившие мертвецы на шахтах, результат экспериментов над нелюдями; главная угроза уровня. Разговорное слово, не нейтральное «мертвецы» - сохранять грубоватый оттенок. РАЗНОЧТЕНИЕ: в русском мертвяки / дохляки / мертвецы, в английском deadheads / the dead / undead / dead bodies / zombies. Свести к одному термину."
mob_dohlyak,дохляки,deadheads,zombies,zombi,Deadheads,死体,시체들,cadáveres,死人,死鬼,cadáveres,"Второе разговорное название мертвяков в речи Леона и стражи. То же существо, что «мертвяки» - переводить тем же словом. ОСТОРОЖНО: то же слово применяется и к живым как оскорбление («Ты на него посмотри — трупешник!», «смена с этими дохляками») - там это «доходяга», а не зомби."
mob_kamikaze,камикадзе,kamikaze,,,,カミカゼ,,,,,,"Тип противника - живая бомба; любой сильный удар или бросок оружия запускает его и подрывает. Термин из обучающих подсказок, должен совпадать во всех подсказках. Транслитерировать."
mob_spearman,копейщик,spearman,,,,槍兵,,,,,,Тип противника с копьём; копьё ломается сильным комбо. Термин из обучающих подсказок.
mob_ao_shin,Ао-шин,Ao-shin,,,,,,,,,,"Священные карпы «синяя чешуя», последние в деревне дзинко; их защищала Сэри-Молния от браконьеров. Транслитерировать, прозвище «синяя чешуя» переводить смыслом. РАЗНОЧТЕНИЕ: Ао-шин и ао-ши / ao-shin и ao-shi - выбрать одно."
mob_raven,ворон,raven,,,,,,,,,,"Птица, укравшая колокольчик Рея; отдельная погоня-мини-квест, Леон её люто ненавидит. ВАЖНО: в английских строках крика «Сaw-caw!» первая буква - кириллическая С вместо латинской C, ошибка кодировки во всех репликах этого персонажа. Крик передавать звукоподражанием целевого языка, а не транслитерацией русского «Кар!»."
loc_hallspeak,Холлспик,Hallspeak,,,,ホールスピーク,,,,,,"Название мира игры - волшебный аналог Японии XVIII века, где огнестрел и катаны соседствуют с духами и ёкаями. Транслитерировать, не переводить по частям («hall» + «speak» - ложное членение)."
org_empire,Империя,Empire,,,,帝国,,,,,,"Человеческая Империя, поработившая нелюдей; главный антагонист сеттинга. Переводить смыслом, с прописной буквы как название государства. Частые связки: Империя Людей, воин Империи, инженеры Империи, головорезы Империи, флаг Империи."
loc_capital,Столица,capital,,,,,,,,,,"Главный город Империи, цель героев после храма; в нём район Рыбный тупик и Нижний Город. Переводить смыслом; в русском пишется и с прописной, и со строчной - как название города давать с прописной."
loc_fish_deadend,Рыбный тупик,,,,,,,,,,,"Портовый район-трущобы Столицы: раменная, бани, барахолка, чайный домик, пристань. Название говорящее и ироничное («лучшая часть Столицы»), переводить смыслом, а не транслитерировать. Русские реплики этого листа пока не переведены ни на один язык - перевода-образца в исходнике нет."
loc_lower_city,Нижний Город,,,,,,,,,,,"Опасный район Столицы, через который Леон идёт по крышам; там же вход в туннели к Архивам. Переводить смыслом, оба слова с прописной. Перевода в исходнике нет."
loc_archives,Архивы,,,,,,,,,,,"Хранилище всех старых документов Империи - родословные, отчёты, переписи; там герои ищут след Аки. Переводить смыслом. В исходнике встречается и «Архивы», и «Архив» - согласовать число. Перевода в исходнике нет."
loc_tea_house,чайный домик,tea house,,,,,,,,,,"Заведение госпожи Яэко в Рыбном тупике, где работают Цуру, Момо и гейша Хина; источник заданий и проводников по городу. Переводить смыслом."
loc_flea_market,барахолка,,,,,,,,,,,"Рынок в Рыбном тупике, где торгует Хадзуо; его самого зовут «барахольщик», а товар - «барахло». Разговорное слово, сохранять сниженный регистр; выбрать пару «барахолка/барахольщик» так, чтобы каламбур сохранялся. Перевода в исходнике нет."
loc_baths,бани,,,,,,,,,,,"Общественные бани в Рыбном тупике, «шикарное место для расслабления»; там пьёт рыбак Унаги. В русском только множественное число. Перевода в исходнике нет."
loc_ramen_shop,раменная,,,,,,,,,,,"Лапшичная Мотоки, главное место Рыбного тупика; за ней подсобка, где ночуют герои. Переводить как заведение с раменом. Перевода в исходнике нет."
loc_thousand_trifles,«Тысяча мелочей»,,,,,,,,,,,"Название лавки Хадзуо, в русском в кавычках-ёлочках. Переводить смыслом как вывеску лавки старьёвщика и сохранять кавычки по нормам целевого языка. Перевода в исходнике нет."
loc_pier,пристань,,,,,,,,,,,Пристань Рыбного тупика: там стоит корабль пиратов («морские волки») и должен быть рыбак. Перевода в исходнике нет.
loc_iwamoto_mines,Шахты Ивамото,Iwamoto Mines,Mines d'Iwamoto,Miniere di Iwamoto,Iwamoto-Minen,岩本鉱山,이와모토 광산,Minas de Iwamoto,岩本矿场,岩本礦場,Minas Iwamoto,"Название второго уровня игры, выводится на экране и в текстах плейтеста. Ивамото - фамилия, транслитерировать, согласовать с Кадзуо Ивамото и Замком Ивамото. Внутри уровня локация зовётся просто «шахты» / «рудники»."
loc_iwamoto_castle,Замок Ивамото,Iwamoto Castle,château d'Iwamoto,Castello di Iwamoto,Burg Iwamoto,岩本城,이와모토 성,Castelo de Iwamoto,岩本城,岩本城,castillo de Iwamoto,"Локация, где противники хвастаются убийствами. Та же фамилия, что у Кадзуо Ивамото и Шахт Ивамото - согласовать написание во всех трёх."
loc_castle_gardens,Сады замка,Castle Gardens,,,,,,,,,,"Локация, упомянутая противниками в демо. Переводить смыслом."
loc_kojo13,Коджо-13,Kojo-13,,,,小城13,,,,,,"Секретный объект Империи с генераторной, куда Павваро велит доставить пленных ёкаев «светлым умам». Транслитерировать с сохранением номера через дефис. РАЗНОЧТЕНИЕ: Kojo-13 и Kojō-13 - выбрать одно."
loc_otstoynik,Отстойник,Dump,Bassin de décantation,Discarica,Müll,捨ててしまえ,버리기,Lixo,废料坑,廢料坑,Vertedero,"Свалка отработанных нелюдей на шахтах; туда же выбросили Аки - сюжетно важное место, не бытовой мусорный бак. Переводить как «отстойник/яма для отходов», единообразно во всех строках. КРУПНОЕ РАЗНОЧТЕНИЕ: одно и то же место названо Damp, Dump и Sewer - три разных слова; во французском в одной строке вместо названия стоит фраза «Débarrasse-toi de ça» («выброси это»), это ошибка. Японское 捨ててしまえ и корейское 버리기 - тоже не название места, а команда «выброси»; эти два значения требуют замены на существительное. Значения для языков кроме английского взяты из вычитанной версии листа как более осмысленные."
loc_coal_tunnels,Угольные штольни,Coal Tunnels,,,,,,,,,,"Заброшенная секция шахт, надпись на указателе; в исходнике вторая строка «[ЗАБРОШЕНО]» отделена переносом строки - перенос сохранять."
loc_main_elevator,Главный лифт,Main elevator,Ascenseur principal,Ascensore principale,Hauptaufzug,メインエレベーター,주 엘리베이터,Elevador principal,主电梯,主電梯,Ascensor principal,Надпись-указатель на шахтах. Цель уровня - добраться до него. Отличать от «Технический лифт».
loc_service_elevator,Технический лифт,Service elevator,Ascenseur de service,Ascensore di servizio,Lastenaufzug,貨物用エレベーター,화물용 엘리베이터,Elevador de serviço,货运电梯,貨運電梯,Ascensor de servicio,Надпись-указатель на шахтах. Отличать от «Главный лифт».
loc_factory,Завод,Factory,,,,工場,,,,,,"Предприятие Павваро, где из дзинко добывают ману; Токура хочет его остановить. Переводить смыслом, с прописной как название объекта."
loc_temple_innara,храм Иннары,Temple of Innara,Temple d'Innara,Tempio di Innara,Tempel von Innara,インナラ神殿,,Templo de Innara,因纳拉神庙,伊納拉神殿,Templo de Innara,"Храм в родной деревне дзинко, где смотрительницей была Сэри-Молния; место воспоминания, а не реальная локация. НЕ ПУТАТЬ с горным храмом Бога Смерти - это разные храмы."
loc_temple_ascension,храм Возвышения,,,,,,,,,,,"Изначальное имя горного храма до того, как он стал храмом Бога Смерти; символ силы, знаний и гордыни. Переводить смыслом. В исходнике эта строка не переведена ни на один язык."
loc_temple_death,храм Бога Смерти,temple of the God of Death,,,,,,,,,,"Разрушенный горный храм с временными петлями - целый уровень игры. Внутри также «храм смерти», «Храм» с прописной. Переводить единообразно."
loc_silence_hall,зал молчания,silence room,,,,,,,,,,"Зал храма, где любое движение означает смерть - первый этап обретения веры. Рядом «зал для осмысления». Переводить смыслом."
loc_upper_chapel,верхняя часовня,upper chapel,,,,,,,,,,Укрытие культа при штурме храма Империей. Переводить смыслом.
loc_main_sanctuary,главное святилище,main sanctuary,,,,,,,,,,Центральный зал храма. Переводить смыслом.
loc_burial_ground,могильник,graveyard,,,,,,,,,,"Как Рей и Джо называют храм, полный костей и тысяч трупов. Слово мрачное и неуютное - сохранять оттенок «свалка мертвецов», а не нейтральное «кладбище»."
loc_arena,арена,Arena,,,,,,,,,,"Бойцовская арена, где чемпионом был Кума. В исходнике встречается только в связке «Чемпион арены»."
loc_barracks,казармы,barracks,,,,兵舎,,,,,,Помещение стражи на шахтах с едой и картами; туда прорываются мертвяки. В русском множественное число.
loc_lower_levels,нижние ярусы,lower levels,,,,下層,,,,,,"Глубокие уровни шахт, где обычно находится Главный Надзиратель. В этой же строке русский говорит «рудников», хотя везде далее - «шахты»; в переводе держать один термин для шахт."
loc_mansion,особняк,mansion,,,,,,,,,,"Поместье семьи Маста - локация Пролога; на его вершине покои хозяина. ВНИМАНИЕ: в японском переводе особняк местами превращён в 城 (замок), в другом месте - в マスタ邸; согласовать."
event_great_war,Великая война,Great War,,,,,,,,,,"Война, после которой ёкаев не видели; Павваро помнит её лично. Переводить смыслом, с прописной как название исторического события."
lore_qi,Ци,Qi,,,,気,,,,,,"Мировая энергия жизни и главный игровой ресурс: тратится на умения, копится с убийств, щитов и сосудов. Ключевой термин игры. Транслитерировать по восточной традиции (Qi / 気), не переводить как energy или mana. РАЗНОЧТЕНИЕ РЕГИСТРА: в подсказках и репликах пишется капсом (ЦИ / QI), в справочнике - Ци / Qi; в одной строке «Твоя ци» ошибочно переведено как «Your mana». Досье из листа Terms: Ци - это мировая энергия жизни, то что пронизывает все вокруг. Она питает жизнью все живые органзимы, растения, животных и людей. В ком-то она выраженна сильнее, в ком-то слабее. Люди сильные носители ци, однако не могут ею пользоваться. Зато они научились извлекать ци из других существ (а точнее - нелюдей), чтобы потом использовать ее как мощный источник энергии. Цвет спокойного Ци - нефритовый, в зависимости от эмоций, которые испытывает существо этот цвет может меняться."
lore_mana,мана,mana,,,,マナ,,,,,,"Энергия, которую Империя добывает из дзинко на Заводе и делает из неё оружие; Кадзуо и Павваро живут на её вливаниях. В исходнике мана и ци не разграничены явно, но это РАЗНЫЕ термины - не переводить ману как ци и наоборот."
lore_chakra,чакра,chakra,,,,チャクラ,,,,,,Единица измерения запаса ци у рас в имперском отчёте («никто не приблизился к этим полу-лисам по запасу их чакр»). Транслитерировать по устоявшейся традиции языка.
item_awamori,авамори,awamori,,,,泡盛,,,,,,"Лечебное зелье, восстанавливающее здоровье; на деле делается из ци нелюдей - сюжетно важная деталь. Название реального окинавского напитка, транслитерировать по японской традиции. РАЗНОЧТЕНИЕ: awamori и avamori вперемешку, местами с прописной; канон - awamori."
item_collar,ошейник,collar,,,,首輪,,,,,,"Оковы, годами сдерживавшие силу Леона; Джо их сломал. Сквозной образ рабства - «сидеть на цепи, как послушной зверюшке». Переводить как ошейник животного, не как воротник."
item_flask,колба,vial,,,,薬瓶。,,,,,,"Лабораторный сосуд, в котором держат дзинко для опытов; Леон находит разбитую колбу там, где искал Аки. РАЗНОЧТЕНИЕ: vial и flask для одного предмета - выбрать одно."
item_kibishi_fukku,Кибиши Фукку,Kibishi Fuku,Kibishi Fuku,Kibishi Fuku,Kibishi Fuku,キビシ・フク,,Kibishi Fuku,,,Kibishi Fuku,"Продукт, который партиями производят на шахтах из инугами и мертвяков; что это - в исходнике не раскрыто. Транслитерировать как японское название, не переводить."
item_jade,Нефрит,Jade,Jade,Giada,Jade,ジェイド？,옥,Jade,玉？,玉？,¿Jade,"Камень, добываемый в шахтах; нефритовый - цвет спокойного ци. Тот же корень в «нефритовые кости» и «нефритовый угорь»: держать одно слово во всех трёх."
item_jade_dice,нефритовые кости,jade dice,,,,翡翠のサイコロ,,,,,,"Игра стражи в кости, на которой Guard_Ray проигрался. Рядом идёт «глаза змеи» / snake eyes - выпадение двух единиц; это каламбур на прозвище Рея «змееныш», в переводе желательно сохранить связку."
item_jade_eel,нефритовый угорь,,,,,,,,,,,"Ингредиент для «божественного рамена», задание Мотоки. Перекликается с именем рыбака Унаги (яп. «угорь»). Перевода в исходнике нет."
item_sake,саке,sake,saké,sake,Sake,日本酒,사케,saquê,清酒,清酒,sake,Рисовое вино; штрафная стопка в игре стражи в кости. Транслитерировать по традиции языка. НЕ ПУТАТЬ с персонажем Саки (Saki) из чайного домика.
item_quinine,хинин,quinine,quinine,chinino,Chinin,キニーネ,퀴닌,quinina,奎宁,奎寧,quinina,"Лекарство в аптечке Рея, которым он отпаивает стражу от похмелья. Реальный медицинский термин, переводить точно."
item_ramen,рамен,ramen,,,,,,,,,,"Блюдо Мотоки, которое Леон пробует впервые в жизни - сцена важна для его характера. Транслитерировать по традиции языка. Однокоренное «раменная» - заведение. Перевода в исходнике нет."
item_shiitake,шиитаке,shiitake,,,,,,,,,,"Грибы, которые Мотоки пересчитывает и стережёт; шутка строится на том, что Леон впервые слышит это слово. Транслитерировать по традиции языка. Перевода в исходнике нет."
item_geisha,гейша,geisha,geisha,geisha,Geisha,芸者,게이샤,geisha,艺伎,藝伎,geisha,Профессия Хины из чайного домика. Транслитерировать по устоявшейся традиции языка.
item_kimono,кимоно,,,,,,,,,,,"Одежда Рея, в которой он прячет змеиную фигурку. ВНИМАНИЕ: в исходнике в английской ячейке этой строки вместо перевода стоит рабочая заметка на русском («Добавить в MINES и нарисовать») - строку нужно перевести с нуля."
item_ritual_oil,ритуальное масло,,ritual oil,,,,,,,,,"Один из трёх предметов для ритуала связи с мёртвыми (колокольчик, маска демона, ритуальное масло); нужно, чтобы возжечь благовония. Переводить смыслом. В исходнике строка не переведена ни на один язык."
item_demon_mask,маска демона,demon mask,,,,,,,,,,"Предмет для ритуала, открывающий дорогу в мир духов. Переводить смыслом. В исходнике строка не переведена; английская форма восстановлена по смыслу и требует проверки."
item_bell,колокольчик,bell,,,,,,,,,,"Ритуальный колокольчик монахов, один из трёх предметов для обряда; его крадёт ворон. Отличать от «священные колокола» и «колокол» храма - это разные предметы, уменьшительность важна."
item_sacred_bells,священные колокола,sacred bells,,,,,,,,,,"Большие колокола храма, которые монахи запрещают трогать; отдельно есть задача «заткнуть этот колокол». Отличать от ритуального колокольчика."
item_warden_key,ключ Главного Надзирателя,Chief Warden's key,clé du chef des gardiens,chiave del Capo Guardiano,Schlüssel des Oberaufsehers,看守長の鍵,수감소장의 열쇠,chave do Chefe de Segurança,首席看守的钥匙,總監的鑰匙,llave del jefe de guardias,"Ключевой предмет уровня «Шахты Ивамото», открывает лифт наверх. Встречается и просто как «Ключ». Тот же предмет Леон зовёт «ключ от лифта» - в переводе желательно, чтобы связь между двумя названиями читалась."
item_elevator_key,ключ от лифта,elevator key,,,,エレベーターの鍵,,,,,,"То же, что ключ Главного Надзирателя, в речи Леона и в тексте цели «Найти ключ от лифта». Держать согласованным с названием предмета у Рея."
item_dynamite,динамит,dynamite,,,,ダイナマイト,,,,,,Взрывчатка для подрыва несущих колонн; вокруг неё вся финальная задача уровня со счётчиком «Остался ещё 1». Термин повторяется в целях и системных сообщениях - переводить одинаково везде. Синоним в тексте - «взрывчатка».
item_detonator,детонатор,detonator,,,,起爆装置,,,,,,"Устройство, которым подрывают колонны и затапливают шахты лавой. РАЗНОЧТЕНИЕ в японском: 起爆スイッチ и 起爆装置 - выбрать одно."
item_support_columns,несущие колонны,support columns,,,,支柱,,,,,,"Три колонны, подрыв которых обрушивает лаву в шахты; на них нанесены метки для закладки динамита. Строительный термин, переводить точно."
item_qi_dispenser,Диспенсер ЦИ,Qi Dispenser,,,,気ディスペンサー,,,,,,"Объект на уровне, из которого Леон выбивает ци ударами. Термин из обучающей подсказки, должен совпадать во всех подсказках."
item_qi_vessel,сосуд с концентрированной энергией ЦИ,vessel containing concentrated Qi energy,,,,,,,,,,"Ёмкость с запасённой ци, которую делают инженеры Империи; альтернативный источник ресурса. Термин из обучения Сэри-Молнии."
item_figurine,фигурка,figurine,,,,,,,,,,"Змеиная фигурка Рея, которую он прячет в кимоно и очень ей дорожит; её крадёт ворон - завязка мини-квеста."
item_potion,зелье,potion,,,,ポーション,,,,,,"Лекарства, которые Рей варит на шахтах; тем же словом назван авамори. В игровом смысле - расходник восстановления здоровья."
lore_ritual,ритуал,ritual,,,,儀式,,,,,,"Обряд связи с мёртвыми, который проводит Джо, собрав три предмета; также «священный ритуал», ради которого дзинко везли в Империю. Переводить смыслом."
lore_seal,печать,seal,,,,,,,,,,"Магическая печать, которой становится тело Светоча, чтобы закрыть дорогу демонам. ОСТОРОЖНО с омонимией: это оттиск-запечатывание, не животное и не штамп."
lore_flock,паства,flock,,,,,,,,,,"Последователи культа Бога Смерти в устах их вождя. Религиозная лексика, сохранять церковный оттенок."
lore_neophyte,Неофит,Neophyte,,,,,,,,,,Обращение к новичку внутри культа. Религиозная лексика. В исходнике английский перевод этой строки отсутствует.
lore_mass,Месса,Mass,,,,,,,,,,"Служба культа («Месса скоро начнется»). Религиозная лексика, сохранять церковный оттенок."
lore_monk,Монах,monk,,,,,,,,,,"Служители культа в горном храме, а также странствующий предсказатель, сломавший судьбу Юсэи. Религиозная лексика."
lore_cultist,культисты,cultists,,,,,,,,,,Как имперские солдаты называют монахов - пренебрежительно («настоящие психи»). Сохранять негативный оттенок; сам культ в тексте назван «культ».
lore_sectarian,сектанты,cult members,,,,,,,,,,Как Павваро называет культ в приказе. Уничижительно-канцелярское слово в устах командира.
lore_guard,стража,guards,,,,,,,,,,"Охрана шахт и поместья, массовые противники. В исходнике вперемешку «стража», «стражники», «охрана», «охранники» - в переводе желательно свести к одному-двум словам."
lore_miner,шахтеры,miners,,,,,,,,,,Пленные нелюди на работах в шахтах; Леон освобождает их из клеток. В русском тексте слово встречается один раз и написано капсом без ё.
lore_prophecy,пророчество,prophecy,,,,,,,,,,"Предсказание монаха о том, что Юсэи погубит тысячи - завязка всей истории храма. Связанное выражение - «предсказать судьбу»."
lore_ancestor,предок,ancestor,,,,,,,,,,"Духи предков Леона, которые передают ему способности: Сэри-Молния даёт Электроудар, Кай - точный удар. Механически это учителя приёмов, а не просто родня."
lore_spirit_world,мир духов,spirit world,,,,,,,,,,Куда открывает дорогу маска демона. Рядом «мир мертвых» - согласовать оба выражения. В исходнике строка не переведена; английская форма восстановлена по смыслу.
lore_magic_barrier,магический барьер,magical barrier,,,,,,,,,,"Усиленные полы и стены, которые нельзя пробить кулаками - только умением, тратящим ци. Игровая механика-препятствие; в подсказках то же называется «усиленные стены»."
mech_finisher,Добивание,Finisher,Finisseur,Finisher,Finisher,フィニッシャー,피니셔,Finisher,终结技,終結技,Finalizador,"Приём: добить мигающего противника и восстановить ячейку здоровья. Термин UI - есть в списке приёмов, в привязках клавиш и во всплывающей подсказке; во всех трёх местах должен звучать одинаково. РАЗНОЧТЕНИЕ: Finisher и «Finish move!». Отглагольное существительное, не глагол."
mech_dash,Рывок,Dash,Dash,Scatto,Dash,ダッシュ,대시,Dash,冲刺,衝刺,Esquivar,"Приём: рывок вперёд, преодолевает препятствия и урон, а рывком сквозь врага в момент атаки делается паррирование. Термин UI. РАЗНОЧТЕНИЕ: в одних строках DASH, в других переведено смыслом (jerk, feinte, Ruck, ESCAPADA, SALTO, SPRUNG) - в подсказках управления название приёма должно совпадать с привязкой клавиш, иначе игрок не поймёт."
mech_double_dash,Двойной рывок,double dash,,,,,,,,,,"Приём: в воздухе дважды нажать рывок. Термин UI, производный от «Рывок» - связь должна читаться."
mech_jump,Прыжок,Jump,Sauter,Salto,Springen,ジャンプ,점프,Salto,跳跃,跳躍,Saltar,Приём и привязка клавиши. Термин UI.
mech_walljump,Прыжок от стены,Jump from the wall,,,,,,,,,,Приём: оттолкнуться от стены. Термин UI. В исходнике строка склеена с пометкой «(на стене)» через перенос строки - перенос сохранять. ВНИМАНИЕ: японский перевод («壁から降りる» - слезть со стены) искажает смысл.
mech_jumpkick,Удар в прыжке,Jump Kick,,,,,,,,,,Приём: удар в воздухе. Термин UI. В исходнике склеен с пометкой «(в воздухе)» через перенос строки.
mech_heavy_kick,Пинок,Heavy Kick,Coup de pied puissant,Calcio potente,Starker Tritt,重キック,강력한 킥,Pontapé forte,重踢,重踢,Patada fuerte,Приём из списка приёмов. Термин UI.
mech_attack,Атака,Attack,Attaquer,Attacco,Angreifen,攻撃,공격,Ataque,攻击,攻擊,Atacar,"Базовое действие и привязка клавиши. Термин UI. В исходнике строка начинается с « - » - дефис относится к иконке клавиши, его сохранять."
mech_light_attack,Лёгкий удар,Light Attack,Attaque légère,Attacco leggero,Leichter Angriff,弱攻撃,약공격,Ataque leve,轻攻击,輕攻擊,Ataque ligero,"Приём и привязка клавиши. РАЗНОЧТЕНИЕ: в привязках «Лёгкий удар» / Light Attack, в списке приёмов «Легкий удар» (без ё) / Light Melee - это один и тот же приём, свести к одному названию. Парный термин - «Тяжёлый удар». В подсказках он же зовётся «слабый удар»."
mech_heavy_attack,Тяжёлый удар,Heavy Attack,Attaque lourde,Attacco pesante,Schwerer Angriff,強攻撃,강공격,Ataque pesado,重攻击,重攻擊,Ataque pesado,"Приём и привязка клавиши. РАЗНОЧТЕНИЕ: «Тяжёлый удар» / Heavy Attack и «Тяжелый удар» (без ё) / Heavy Melee - один приём, свести к одному. В подсказках он же «сильный удар». Парный термин - «Лёгкий удар»."
mech_weak_strike,Слабый удар,weak strike,,,,,,,,,,Он же «Лёгкий удар»: поражает максимум 3 врагов. Разнобой названий одного приёма в подсказках - при переводе желательно унифицировать с «Лёгкий удар».
mech_strong_strike,сильный удар,heavy attack,,,,重い攻撃。,,,,,,"Он же «Тяжёлый удар»: без ограничения по числу врагов, запускает камикадзе. Унифицировать с «Тяжёлый удар»."
mech_uppercut,Апперкот,Uppercut,Uppercut,Uppercut,Uppercut,アッパーカット,어퍼컷,Uppercut,上勾拳,上勾拳,Uppercut,"Приём из списка приёмов. Боксёрский термин, переводить устоявшимся словом."
mech_downstrike,Удар вниз,Tail-cut,Coup de queue,Colpo di coda,Tail-Cut,テールカット,꼬리 베기,Golpe de cauda,尾击,尾部斬擊,Corte con la cola,"Приём из списка приёмов - удар сверху вниз. ВНИМАНИЕ: английское Tail-cut не соответствует русскому «Удар вниз» по смыслу; проверить, что верно, прежде чем переводить с английского."
mech_sword_throw,Бросок меча,Sword Throw,Lancer l'épée,Lancio della spada,Schwert werfen,剣投げ,검 던지기,Arremesso de espada,投掷剑,投擲長劍,Lanzar espada,"Приём: бросок меча, можно целиться с зажатой кнопкой; удар по летящему мечу тоже запускает бросок. Термин UI."
mech_parry_projectile,Отражение снаряда,Parry,Parer,Parata,Parieren,回避,막기,Defesa,格挡,格擋,Parar,"Приём: отбить снаряд противника обратно в него. Термин UI. Совпадает по английскому названию с «Паррирование» - решить, один это термин или два."
mech_parry,Паррирование,Parry,Parade,Parata,Parieren,パリー,패리,Parry,格挡,格擋,Parada,Механика: рывок сквозь врага в момент атаки замораживает его и повышает урон. Термин UI. Пересекается с «Отражение снаряда» - в английском оба Parry.
mech_combo,Комбо,Combo,Combo,Combo,Kombination,コンボ,연타,Combos,连击：,連擊：,Combo,"Серия ударов подряд; выводится в статистике уровня. Сильные и слабые удары комбинируются. Термин UI, транслитерировать по традиции языка."
mech_heavy_combo,Сильное комбо,Heavy combo,Combo puissant,Combo potente,Kraftvolle Kombination,強力なコンボだ：,강력 콤보,Combinação pesada,重连击：,重連擊：,Combo potente,Комбо из сильных ударов; ломает копьё копейщику. Термин UI. В исходнике строка заканчивается двоеточием - двоеточие сохранять.
mech_combo_multiplier,Множитель комбо,combo counter,,,,,,,,,,"Счётчик комбо: когда горит красным, доступно добивание. РАЗНОЧТЕНИЕ: в русском «множитель», в английском counter (счётчик) - это разные вещи, уточнить. ВНИМАНИЕ: в одной строке английский перевод вообще не о том - вместо описания множителя там сказано про восстановление здоровья."
mech_electric_slam,Электроудар,Electric Slam,Slam électrique,Slam elettrico,Electric Slam,エレクトリック・スラム,전기 슬램,Golpe elétrico,电击摔,電擊摔,Golpe eléctrico,"Способность, полученная от Сэри-Молнии; тратит ци, пробивает магические барьеры и усиленные стены, бьёт по группе. Она же «сила ПАДАЮЩЕГО НЕБА». Термин UI, встречается и капсом. РАЗНОЧТЕНИЕ: Electric Slam, Electro Slam, ELECTRIC SLAM, «Электроудар» с прописной и строчной - свести к одному."
mech_air_slash,Воздушный разрез,Air Slash,Coup dans les airs,Taglio aereo,Air-Slash,エアスラッシュ,공중 베기,Corte aéreo,空中斩,空中斬擊,Corte aéreo,"Способность: тратит ци, пробивает усиленные стены и бьёт по группе. В тексте сокращается до «Разрез». РАЗНОЧТЕНИЕ: Air Slash, Air-Slash, просто Slash - свести к одному."
mech_qi_pistol,Ци-пистолет,Qi-pistol,Pistolet Qi,Pistola Qi,Qi-Pistole,気ピストル,기 권총,Pistola de Qi,气枪,氣槍,Pistola de Qi,"Способность из списка приёмов. Составной термин с «Ци» через дефис - сохранять связь с остальными ци-терминами (Ци-броня, Сфера Ци, Диспенсер ЦИ)."
mech_black_hole,Черная дыра,Black Hole,Trou noir,Buco nero,Schwarzes Loch,ブラックホール,블랙홀,Buraco negro,黑洞,黑洞,Agujero negro,"Способность из списка приёмов, выдаётся у статуи. В русском написано без ё."
mech_falling_sky,Падающее Небо,FALLING SKY,,,,,,,,,,"Родовое название Электроудара у предков дзинко; Сэри-Молния произносит его торжественно, Леон высмеивает как «тупое название» - контраст высокого и сниженного стиля должен сохраниться. ВНИМАНИЕ: в японском переводе оставлено латиницей FALLING SKY, хотя реплика построена на том, что название звучит выспренне."
mech_precise_strike,точный удар,strike with precision,,,,,,,,,,"Способность, которой учит предок Кай: снайперский выстрел вместо размашистой драки («иногда достаточно пальца»). Термин пока не оформлен как название приёма в UI - при появлении в интерфейсе согласовать."
mech_spell,Заклинание,Spell,Sort,Magia,Zauber,スペル,주문,Feitiço,法术,法術,Hechizo,Привязка клавиши для магии. Термин UI.
mech_special,Особый,Special,Spécial,Speciale,Spezial,スペシャル,스페셜,Especial,特殊技,特殊技,Especial,"Привязка клавиши особого приёма. Термин UI, прилагательное в роли существительного - в языках с родом согласовать с подразумеваемым «удар/приём»."
mech_taunt,Провокация,Taunt,Provocation,Sfida,Spott,挑発,도발,Provocação,嘲讽,嘲諷,Provocación,Привязка клавиши насмешки над врагом. Термин UI.
mech_interact,Взаимодействие,Interact,Interagir,Interagisci,Interagieren,インタラクト,상호작용,Interagir,交互,互動,Interactuar,Привязка клавиши действия с объектом. Термин UI.
mech_moveset,Список приемов,Moveset list,Liste des coups,Elenco delle mosse,Liste der Movesets,技一覧,기술 목록,Lista de movimentos,招式列表,招式列表,Lista de movimientos,Экран со всеми приёмами Леона. Термин UI. В русском без ё.
mech_new_ability,Новая способность,New Ability,Nouvelle capacité,Nuova abilità,Neue Fähigkeit,新しい能力,새로운 능력,Nova habilidade,新技能,新能力,Nueva habilidad,"Сообщение о получении приёма. Термин UI, в исходнике встречается и как «Халявная способность!» в реплике."
mech_qi_armor,Ци-броня,Qi Armor,Qi Armor,Qi Armor,Qi-Rüstung,チー・アーマー,치 아머,Qi Armor,气甲,氣甲,Qi Armor,"Броня противника, которую нельзя пробить обычными ударами - только ци-приёмами. Составной термин с «Ци». РАЗНОЧТЕНИЕ регистра: Ци-броня, ЦИ-броня, QI armor, Qi Armor."
mech_qi_sphere,Сфера Ци,Qi Sphere,Qi Sphere,Qi Sphere,Qi-Kugel,チー・スフィア,치 스피어,Qi Sphere,气球,氣球,Qi Sphere,Объект: удар по сфере в воздухе даёт дальний прыжок. Составной термин с «Ци».
mech_armor,броня,armor,,,,,,,,,,"Усиление противника, снимается только уроном от умения. Игровой термин из обучающей подсказки; тесно связан с «Ци-броня» и «щит» - в одной подсказке все три слова обозначают одно и то же, при переводе не размножать синонимы."
mech_shield,щит,shield,,,,,,,,,,Защита противника; с щитов можно копить ци. В подсказках то же называется бронёй и аурой - свести к одному термину.
mech_ability,умение,ability,,,,,,,,,,"Общее слово для приёмов, тратящих ци. В исходнике вперемешку с «способность» и «приём» - в переводе желательно закрепить одно слово за игровым понятием."
mech_trap,капкан,trap,,,,,,,,,,"Ловушка на уровне, обходится рывком. В тексте также «ловушка» - согласовать."
mech_health_cell,ячейка здоровья,health cell,,,,,,,,,,"Единица шкалы здоровья Леона; восстанавливается добиванием. Игровой термин, переводить единообразно со шкалой здоровья."
mech_max_health,макс. здоровье,max HP,,,,,,,,,,"Прибавка от повышения характеристики. Сокращение «макс.» в русском - в переводе использовать принятое в языке сокращение и не разворачивать в полное слово, место в UI ограничено."
mech_max_ci,макс. ци,max QI,,,,,,,,,,"Прибавка к запасу ци от повышения. ВНИМАНИЕ: японский перевод этой строки говорит про MP (最大MPが5増加), хотя термин игры - ци, а не мана."
mech_upgrade,Повышение,Upgrade,Amélioration,Potenziamento,Verbesserung,強化,업그레이드,Aumento,提升,提升,Subida,"Улучшение характеристики за собранные предметы. Термин UI. Рядом строки «До повышения», «осталось», «Повышена [хар-ка]!» - плейсхолдер [хар-ка] не переводить как текст."
mech_item,предмет,item,,,,,,,,,,"Собираемый объект, даёт повышение характеристик. Термин UI: «Найден предмет», «Предметы собраны»."
mech_objective,цель,objective,,,,,,,,,,"Задача уровня в списке целей. Термин UI: «Цели:», «Новая цель:». ВНИМАНИЕ: в исходнике английский вариант скачет между Objectives и New goal - свести к одному слову."
mech_level_passed,Уровень пройден,Level Passed,Niveau terminé,Livello superato,Level bestanden,ステージクリア。,레벨 클리어,Nível concluído,关卡已通关。,關卡已通關。,Nivel superado,Сообщение об окончании уровня. Термин UI.
mech_rank,Ранг,Rank,Classement,Posizione in classifica,Rang,ランク,순위,Classificação,排名：,排名：,Clasificación,"Оценка за уровень в экране статистики. Термин UI, в исходнике с двоеточием."
mech_score,Очки,Scores,Scores,Punteggi,Punktestand,スコア,점수,Pontuação,分数：,分數：,Puntuaciones,"Счёт за уровень в экране статистики. Термин UI, в исходнике с двоеточием. ВНИМАНИЕ: английское Scores во множественном при русском «Очки» - в интерфейсе это одно число, проверить число."
mech_deaths,Смертей,Deaths,Décès,Morti,Todesfälle,死亡回数,사망 횟수,Mortes,死亡次数：,死亡次數：,Muertes,"Счётчик смертей в экране статистики. Термин UI, русская форма - родительный множественного после числа."
mech_time,Время,Time,Temps,Tempo,Zeit,タイム,소요 시간,Tempo,时间：,時間：,Tiempo,Время прохождения в экране статистики. Термин UI.
mech_fever_mode,Режим Лихорадка,Fever Mode,,,,フィーバーモード,,,,,,"Дополнительный режим: пройти пролог за ограниченное время. Название режима, переводить смыслом; «Лихорадка» - имя режима, а не медицинский диагноз."
diff_standard,СТАНДАРТ,STANDARD,,,,スタンダード,,,,,,"Уровень сложности для знакомых с жанром экшен-игр. Пишется капсом, регистр сохранять."
diff_kira,КИРА,KIRA,,,,キラ,,,,,,"Уровень сложности для опытных игроков: отключено восстановление здоровья. Японское слово, транслитерировать, не переводить смыслом. Капс сохранять."
diff_akuma,АКУМА,AKUMA,,,,アクマ,,,,,,"Максимальная сложность: авамори почти не лечит, нет контрольных точек. Японское «акума» - демон; транслитерировать, не переводить. Капс сохранять."
mech_difficulty,Выбор сложности,Select difficulty,,,,難易度を選択する,,,,,,Заголовок экрана выбора сложности. Термин UI.
mech_checkpoint,контрольная точка,control point,,,,,,,,,,"Точка сохранения прогресса; на сложности АКУМА их нет. ВНИМАНИЕ: английское control point - неудачная калька, в играх принято checkpoint; проверить перед переводом на другие языки."
mech_statue,статуя,statue,,,,,,,,,,"Статуя дзинко, у которой Леон получает новые способности («Дзинко из далёких земель. Даруем тебе новую силу»). Также священные манекены и зловещая статуя в храме - разные объекты, не смешивать."
nick_snake_boy,змееныш,snake-boy,Snake-Boy,ragazzo-serpente,Schlangenjunge,ヘビ野郎,뱀 소년,garoto-cobra,蛇小子,蛇小子,chico serpiente,"Издевательское обращение стражника Guard_Ray к Рею-наге. Уменьшительно-презрительная форма от «змея», сохранять и змеиную образность, и оскорбительность. Выделено разметкой [color=blue] - теги не переводить и не переставлять. В одном ряду с «змеюка», «змей», «ящерица»."
nick_snake_face,змеюка,snake-face,snake-face,faccia da serpente,Schlangengesicht,ヘビ野郎,뱀 얼굴,cara-de-cobra,蛇脸,蛇臉,cara de serpiente,Грубый вариант того же обращения к Рею. Сохранять змеиную образность и грубость.
nick_snake,змей,snake,,,,,,,,,,"Как Леон зовёт Рея, когда язвит. Мягче, чем «змееныш» и «змеюка», но всё равно свысока."
nick_lizard,ящерица,lizard,,,,,,,,,,"Как Леон зовёт Рея. ВАЖНО: обращение обидно именно тем, что нага - змея, а не ящерица; ошибка намеренная, сохранять её, а не исправлять на «змею»."
nick_fox,лис,fox,,,,フォックスめ,,,,,,"Сквозное обращение к Леону от всех подряд - от ласкового до злобного. Мужской род; не «лиса». Пишется и со строчной, и капсом (ЛИС!) - регистр сохранять."
nick_lisyonok,лисёнок,little fox,,,,,,,,,,"Ласково-снисходительное обращение к Леону: у Джо - с издёвкой, у девушек чайного домика - умилённо. Сохранять уменьшительность."
nick_redhead,Рыжий,Redhead,,,,,,,,,,"Обращение к Леону по цвету шерсти; в демо обыгрывается тем, что рыжий кот рядом никого не раздражает. Переводить по цвету волос/шерсти."
nick_tailed,хвостатый,tailed one,,,,,,,,,,"Пренебрежительное обозначение Леона по хвосту, в устах стражи и Кумы. Прилагательное в роли существительного, мужской род."
nick_tailed_scum,хвостатая мразь,mangy tailed rat,rat à la queue galeuse,ratto rognoso dalla coda lunga,räudige Schwanzratte,みすぼらしい尻尾のネズミめ,지저분한 꼬리 달린 쥐새끼야,rato sarnento de cauda longa,肮脏的尾巴老鼠,膩人的尾巴老鼠,rata sarnosa de cola larga,Грубое оскорбление Рея от стражника. Выделено [color=red]. РАЗНОЧТЕНИЕ: mangy tailed rat и mangy tailed prick - выбрать один вариант с учётом возрастного рейтинга.
nick_fox_bastard,лисий ублюдок,fox bastard,sale renard,bastardo di volpe,Fuchs-Bastard,狐のクソ野郎,여우 새끼야,raposa desgraçada,狐狸杂种,狐狸混蛋,zorro bastardo,Грубое оскорбление Леона от стражника. Выделено [color=red]. Сохранять лисью образность и площадную грубость.
nick_jinko_spawn,дзинково отродье,jinko spawn,,,,,,,,,,"Оскорбление Леона от ёкая в храме. ВНИМАНИЕ: в исходнике английский перевод «zinc-headed scum» ошибочен - переводчик принял «дзинко» за металл цинк. Переводить как «отродье дзинко», сохраняя название расы."
nick_mangy_inhuman,нелюдь вшивый,mangy inhuman,,,,,,,,,,Оскорбление Леона от Главного Надзирателя; строится на ключевом термине «нелюдь». Переводить согласованно с термином «Нелюди».
nick_scum,мразь,scum,,,,,,,,,,"Ругательство, которым сыплют и Леон, и стража. Сильная брань, не смягчать."
nick_freak,урод,freak,monstre,mostro,Freak,変態,괴물아,aberração,怪胎,怪胎,monstruo,"Ругательство в обе стороны: стража к нелюдям, Леон к стражникам. Выделено [color=red]. Часто во множественном - «уроды»."
nick_headcase,поехавший,headcase,,,,,,,,,,"Как Леон зовёт Рея за веру в свободную страну - «поехавший», то есть сумасшедший. Сниженный регистр, не медицинский термин."
nick_spider,Паук,Spider,,,,,,,,,,"Как Леон зовёт Джо - и как обозначение расы Джо и Хадзуо («все пауки такие?», «хранители знаний»). Пишется и с прописной как обращение, и со строчной."
nick_imperial_mongrel,Имперская шавка,imperial mongrel,,,,,,,,,,Оскорбление Леона от культистов: обвинение в службе Империи. Сохранять собачью образность - она обидна вдвойне для лиса.
nick_nedobitok,недобиток,weakling,,,,,,,,,,"Оскорбление Леона от ёкаев: «мы вырезали твой род, а ты недобиток» - то есть уцелевший, которого не успели добить. ВНИМАНИЕ: английское weakling («слабак») теряет этот смысл; переводить как «выживший, которого не дорезали»."
nick_master,Хозяин,Master,,,,,,,,,,"Как называют главу семьи Маста слуги и Джо; Леон произносит это слово с ненавистью («Ты этого не увидишь...хозяин»). Пишется и с прописной, и со строчной. Рифмуется с именем Маста - связь желательно сохранить."
nick_sir,Господин,Sir,,,,,,,,,,"Обращение солдат к Павваро и стражи к начальству. Уставное обращение, переводить принятой в языке военной формой."
nick_brother,братишка,brother,,,,,,,,,,Как шахтёр-инугами зовёт Леона: «все нелюди братья под гнётом Империи». Леон обращение отвергает. Сохранять фамильярную теплоту.
nick_child,дитя,child,,,,,,,,,,"Как Сэри-Молния обращается к Леону - по-стариковски, покровительственно. РАЗНОЧТЕНИЕ: child и kid вперемешку; «дитя» звучит архаично, английское kid этот оттенок теряет."
nick_little_one,мелочь,little pest,,,,,,,,,,Пренебрежительное обращение Кумы к Леону по росту. Не переводить как «мелкая монета» - это про размер противника.
nick_dog,пес,dog,CHIEN,CANE,HUND,犬,개자식,CÃO,狗,狗,PERRO,"Оскорбление Леона от Главного Надзирателя; Леон в ответ поправляет: «Я лис, слепошара». Каламбур на путанице пса и лиса, его надо сохранить. В исходнике написано капсом и без ё - ПЕС."
nick_beast,зверь,beast,,,,,,,,,,"Как люди говорят о Леоне и о Пудже - «возьмите зверя», «ну ты и зверь». Обесчеловечивающее слово, ключевое для темы рабства."
nick_worm,червяк,worm,,,,,,,,,,"Как Леон подкалывает Рея, когда того утаскивают в гнездо; позже он же его защищает: «Он вам не ЧЕРВЯК». Обе строки должны переводиться одним словом, иначе шутка рассыпается."
