вопрос,ключ,сейчас в Weblate,в master,ответ
"1. Хэллоуин выходит? Один ответ в чат на все строки: да - оставляем Weblate, нет - вернём master",bp_captain_announcement_description,"Поселение Малики Деломбр погибает от загадочной болезни! Добывай печати, запусти ритуал и спаси жителей болот. В награду заслужишь доверие Малики!","Слухи не врали! В наши воды прибыла мрачная Ленор де Гласваль.
Собери её запечатанные души, и ты получишь достойную награду и верность нового капитана.",
"1. Хэллоуин выходит? Один ответ в чат на все строки: да - оставляем Weblate, нет - вернём master",dialog_name_halloween_shop,Магазин призраков,Магазин,
"1. Хэллоуин выходит? Один ответ в чат на все строки: да - оставляем Weblate, нет - вернём master",halloween_convoy_attack_event_announcement_description_1,Загадочная болезнь охватила почти всё поселение Малики Деломбр! Только ритуал  способен спасти жителей.,"Призрачный фрегат «Чёрная Луна» тащит целый трюм сокровищ, проклятого так, что звенит лишь для мёртвых.",
"1. Хэллоуин выходит? Один ответ в чат на все строки: да - оставляем Weblate, нет - вернём master",halloween_convoy_attack_event_announcement_description_2,Нападай на флот Проклятых и добывай печати для спасительного ритуала!,"Пока луна полна, корабль плотный и можно награбить всё — успей до рассвета, пока сокровища снова не стали дымом.",
"1. Хэллоуин выходит? Один ответ в чат на все строки: да - оставляем Weblate, нет - вернём master",halloween_convoy_attack_event_announcement_description_3,"Атакуй флот Проклятых и собирай печати! Помоги Малике провести ритуал, спасти поселение и заслужить её верность.","Нападай на призрачный фрегат «Чёрная Луна» на глобальной карте, выбей проклятое сокровище и успей до рассвета!",
"1. Хэллоуин выходит? Один ответ в чат на все строки: да - оставляем Weblate, нет - вернём master",halloween_shop_hint,"Тыквы мертвеца можно получить в боях с флотами Банды Фонарей, в плавающих бочках, при спасении матросов и в бочках ежедневных заданий",Тыквы можно заработать сражаясь с бандой фонарей,
"1. Хэллоуин выходит? Один ответ в чат на все строки: да - оставляем Weblate, нет - вернём master",halloween_shop_offer,Тыквы мертвеца для покупки товаров в магазине призраков,Тыквы мертвеца,
"1. Хэллоуин выходит? Один ответ в чат на все строки: да - оставляем Weblate, нет - вернём master",reward_type_halloween_currency,Тыквы мертвеца,Тыквы,
"1. Хэллоуин выходит? Один ответ в чат на все строки: да - оставляем Weblate, нет - вернём master",short_event_description_halloween_convoy_event_spoiler,"Когда дрогнет нужный час, над туманной гаванью поднимается проклятый флот Банды Фонарей","Когда дрогнет нужный час, над туманной гаванью поднимается проклятый фрегат «Чёрная Луна».",
"1. Хэллоуин выходит? Один ответ в чат на все строки: да - оставляем Weblate, нет - вернём master",short_event_name_cumulative_offer_happy_hard,Предложение,Праздничное предложение,
"1. Хэллоуин выходит? Один ответ в чат на все строки: да - оставляем Weblate, нет - вернём master",title_resourse_tips_halloween_currency,Тыквы мертвеца,Тыквы,
2. Заглушка «Не заполнено»: впишите настоящий RU-текст в колонку «ответ»,description_resourse_tips_duels_rating,,,
2. Заглушка «Не заполнено»: впишите настоящий RU-текст в колонку «ответ»,description_resourse_tips_not_enough_duels_rating,,,
2. Заглушка «Не заполнено»: впишите настоящий RU-текст в колонку «ответ»,description_resourse_tips_convoy_regular_rating,,,
2. Заглушка «Не заполнено»: впишите настоящий RU-текст в колонку «ответ»,description_resourse_tips_not_enough_convoy_regular_rating,,,
2. Заглушка «Не заполнено»: впишите настоящий RU-текст в колонку «ответ»,description_resourse_tips_not_enough_tournament_points,,,
2. Заглушка «Не заполнено»: впишите настоящий RU-текст в колонку «ответ»,description_resourse_tips_convoy_summer_rating,,,
2. Заглушка «Не заполнено»: впишите настоящий RU-текст в колонку «ответ»,description_resourse_tips_not_enough_convoy_summer_rating,,,
2. Заглушка «Не заполнено»: впишите настоящий RU-текст в колонку «ответ»,description_resourse_tips_kraken_kill,,,
2. Заглушка «Не заполнено»: впишите настоящий RU-текст в колонку «ответ»,description_resourse_tips_not_enough_kraken_kill,,,
2. Заглушка «Не заполнено»: впишите настоящий RU-текст в колонку «ответ»,description_resourse_tips_armada_movement_points,,,
2. Заглушка «Не заполнено»: впишите настоящий RU-текст в колонку «ответ»,description_resourse_tips_not_enough_battle_pass_points,,,
2. Заглушка «Не заполнено»: впишите настоящий RU-текст в колонку «ответ»,description_resourse_tips_not_enough_bp_captain_points,,,
