unit_id	context	ru_source	target
370810	hub1_first_1_1	Леон, вставай. Мы уже приехали.	レオン、起きて。もう着いたよ。
370811	hub1_first_1_2	Хорошо… Давно мы приехали?	わかった… いつ着いたんだ？
370812	hub1_first_1_3	Недавно. Ты проспал всю дорогу.	さっきだよ。君は道中ずっと寝てた。
370813	hub1_first_1_4	Проспал очередные виды на ебеня?	またクソみたいな景色を見逃したのかよ？
370814	hub1_first_1_5	Даже не знаю, как я это переживу.	どうやって生き延びようか。
370815	hub1_first_1_6	Добро пожаловать в Столицу.	首都へようこそ。
370816	hub1_first_1_7	Ну, или в самую её «лучшую» часть — Рыбный тупик.	まあ、その『最高の』部分、魚の袋小路へ、ってところかな。
370817	hub1_first_1_8	Построили недавно, ещё при третьем императоре Акито.	最近できたんだ、まだ三代目皇帝アキトの時代にね。
370818	hub1_first_1_9	Он опять завёл эту шарманку.	またあの歴史講座を始めやがった。
370819	hub1_first_1_10	Я чёт подустал от этих уроков истории.	この歴史の授業にはちょっと飽きてきたぜ。
370820	hub1_first_1_11	Все пауки такие?	蜘蛛ってみんなこんな感じかよ？
370821	hub1_first_1_12	Хранители знаний, да	知識の守護者、そうですね
370822	hub1_first_1_13	Скукота.	つまんねえな。
370823	hub1_first_1_14	Очень интересно. И спасибо, что подкинули нас.	とても興味深いです。それに、私たちを助けてくれてありがとうございます。
370824	hub1_first_1_15	Без проблем.	問題ないよ。
370825	hub1_first_1_16	Не мог пройти мимо вас, тем более напоминаете мне племянников.	見逃すわけにはいかなかった、特に君たちが甥っ子たちを思い出させるからね。
370826	hub1_first_1_17	Только… с чешуей и шерстью.	ただ…鱗と毛皮付きで。
370827	hub1_first_1_18	Заглядывайте ко мне в «Тысячу мелочей»!	私の「千の雑貨」にも遊びに来てください！
370828	hub1_first_1_19	Хорошо, спасибо!	はい、ありがとうございます！
370829	hub1_first_1_20	У меня здесь есть свои дела. Встретимся позже	ここで用事がある。後で会おう
370830	hub1_first_1_21	А как мне тебя найти?	どうやったらお前を見つけられるんだ？
370831	hub1_first_1_22	Я тебя сам найду.	俺が自分で見つけてやる。
370832	hub1_first_1_23	У меня от него чешуя дыбом стоит.	あいつのせいで鱗が逆立つぜ。
370833	hub1_first_1_24	Серьезно, Хадзуо его собрат, но рядом с ним, я не чувствую такого страха.	本当に、ハズオはあいつの同族だけど、あの横にいるとこんな恐怖は感じない。
370834	hub1_first_1_25	А я думал, вы лучшие подружки.	てっきり親友同士かと思ってたぜ。
370835	hub1_first_1_26	Ха-ха. Что будем дальше делать?	はは。次はどうする？
370836	hub1_first_1_27	Кажется, я не ел целую вечность.	永遠ぶりに飯を食ってない気がする。
370837	hub1_first_1_28	Может, набьём животы?	腹ごしらえしねえか？
370838	hub1_first_1_29	Можно.	いいよ。
370839	hub1_overlook_1_1	Ого! Как же тут… я не знаю… КРАСИВО!	うわっ！ここは…なんつーか…キレイだぜ！
370840	hub1_overlook_1_2	Тут? Это же просто трущобы.	ここ？ただのスラム街じゃないか。
370841	hub1_overlook_1_3	Я никогда не видел такого большого города!	こんな大きな街、初めて見たぜ！
370842	hub1_overlook_1_4	Думаю, сама Столица тебя поразит!	首都そのものは君を驚かせると思うよ！
370843	hub1_overlook_1_5	А тут как раз рамен подают. Пойдем!	ちょうどラーメンが出てるよ。行こう！
370844	hub1_ramen_1_1	Это что за фигня?!	なんだこりゃ？！
370845	hub1_ramen_1_2	Это рамен. Никогда такого не пробовал что ли?	ラーメンだよ。食べたことないの？
370846	hub1_ramen_1_3	Нет. У нас в деревне такого не готовили.	ああ。俺の村じゃこんなの作らなかった。
370847	hub1_ramen_1_4	А потом я ел только… с пола…	それからは…床からしか…食べてなくて…
370848	hub1_ramen_1_5	Ясно.	なるほど。
370849	hub1_ramen_1_6	Попробуй скорее. Тебе понравится.	早く食べてみて。気に入るよ。
370850	hub1_ramen_1_7	ЕБАТЬ. КАК. ВКУСНО.	クソうまい！
370851	hub1_ramen_1_9	Я всегда говорю. Ешь рамен - БУДЕШЬ КАК КАМЕНЬ!	いつも言ってるだろ。ラーメン食えば石のように強くなるぜ！
370852	hub1_ramen_1_10	ЗАТКНИСЬ, СТАРЫЙ! Не приставай к ним!	黙れ、ジジイ！あの人たちに構うな！
370853	hub1_ramen_1_11	Да я ничего не делал!	何もしてないってば！
370854	hub1_ramen_1_12	Вот и не делай!	だったらするな！
370855	hub1_ramen_1_13	Нам нужно где-то остановиться.	どこか泊まる場所が必要ですね。
370856	hub1_ramen_1_14	Мне все равно!	どうでもいいぜ！
370857	hub1_ramen_1_15	Я хочу только узнать, кому продали мою сестру!	俺はただ、妹が誰に売られたか知りたいだけだ！
370858	hub1_ramen_1_16	И как ты это сделаешь?	どうやって？
370859	hub1_ramen_1_17	Без понятия.	知るかよ。
370860	hub1_ramen_1_18	Нам нужна комната на несколько дней.	数日間、部屋を借りたいのですが。
370861	hub1_ramen_1_19	Отлично! А мне нужны постояльцы!	良かった！宿泊客が欲しかったんだ！
370862	hub1_ramen_1_20	Ты подслушивал?	盗み聞きしてたのか？
370863	hub1_ramen_1_21	Так я всегда подслушиваю.	いつも聞いてるよ。
370864	hub1_ramen_1_22	Вы можете спать в подсобке за раменной.	ラーメン屋の裏の物置で寝ていいよ。
370865	hub1_ramen_1_23	Только учтите! Все шиитаке посчитаны.	ただしな！シイタケは全部数えてあるからな！
370866	hub1_ramen_1_24	… что за нахрен шиитаке…	…シイタケって何だよ…
370867	hub1_ramen_1_25	Мы бы с радостью у вас остановились.	喜んでお世話になります。
370868	hub1_ramen_1_26	Но у нас совсем немного денег.	ですが、お金がほとんどなくて。
370869	hub1_ramen_1_27	А мне и не нужны деньги.	金はいらねえよ。
370870	hub1_ramen_1_28	Я на вас новые рецепты раменов опробую! По рукам?	お前らで新しいラーメンのレシピ試させてくれ！いいな？
370871	hub1_ramen_1_29	По рукам!	いいぜ！
370872	hub1_ramen_1_30	А нам бы еще какого-нибудь проводника для города…	街の案内人も何人か欲しいんだけど…
370873	hub1_ramen_1_31	Мы тут совсем не ориентируемся…	僕たち、ここら辺の地理が全然わからなくて…
370874	hub1_ramen_1_32	Никто из наших отсюда носа не высунет в Столицу…	うちの者で首都に出るような奴はおらん…
370875	hub1_ramen_1_33	Хотя, загляните в чайный домик.	まあ、茶屋を覗いてみな。
370876	hub1_ramen_1_34	Девочки госпожи Яэко частенько в городе бывают.	八重子様の娘たちはよく街に出てるからな。
370877	hub1_ramen_1_35	Как их найти?	どうやって見つける？
370878	hub1_ramen_1_36	Вот тут у нас главное место Рыбного тупика - моя раменная!	ここが魚の袋小路のメインスポット、わしのラーメン屋じゃ！
370879	hub1_ramen_1_37	Но это вы и так знаете.	まあ、それはお前らも知ってるだろうが。
370880	hub1_ramen_1_38	Пойдете вот сюда - окажетесь на пристани.	こっちへ行けば桟橋に出るぜ。
370881	hub1_ramen_1_39	Вот на этот корабль лучше не соваться.	あの船には近づかない方がいい。
370882	hub1_ramen_1_40	Если конечно не хотите встретиться с морскими волками.	海の狼どもに会いたくなければな。
370883	hub1_ramen_1_41	Свернете сюда и окажетесь в банях, шикарное место для отдыха.	ここを曲がれば銭湯だ、くつろげるぜ。
370884	hub1_ramen_1_42	Тут будет лавка травника,	ここが薬草屋で、
370885	hub1_ramen_1_43	а тут барахолка.	ここが骨董屋だ。
370886	hub1_ramen_1_44	А прямо над нами находится чайный домик.	真上には茶屋がある。
370887	hub1_ramen_1_45	Если запутаетесь, изучите нашу карту.	迷ったら地図を見ろ。
370888	hub1_ramen_1_46	Ясно, погнали.	わかった、行くぜ。
370889	hub1_fisherman_quest_1_1	Вот что еще вспомнил…	もう一つ思い出した…
370890	hub1_fisherman_quest_1_2	Может сделаете для меня кое-чего, молодежь?	若い衆、わしのために一つ頼みを聞いてくれんか？
370891	hub1_fisherman_quest_1_3	А то мне самому лень.	自分で行くのは面倒でな。
370892	hub1_fisherman_quest_1_4	Вам по пути!	ついでだしな！
370893	hub1_fisherman_quest_1_5	Ладно, что нужно?	わかった、何だ？
370894	hub1_fisherman_quest_1_6	Заберите у рыбака на пристани нефритового угря…	桟橋の漁師から翡翠のウナギをもらってきて…
370895	hub1_fisherman_quest_1_7	Приготовлю божественный рамен!	神々しいラーメンを作るぞ！
370896	hub1_fisherman_quest_1_8	Всего-то? Да без проблем.	それだけか？ 問題ないぜ。
370897	hub1_fisherman_quest_1_9	Сейчас вообще не до того, извини.	今はそれどころじゃない、悪い。
370898	hub1_fisherman_quest_1_10	Эх, ладно. Выгуляю свои старые кости.	ええい、仕方ない。この老いぼれが自分で歩くか。
370899	hub1_teahouse_1_1	Ну и кто это у нас?	さて、こちらはどなたですか？
370900	hub1_teahouse_1_2	О-о-о… какой милый лисёнок.	おーおーお…なんて可愛い子狐なの。
370901	hub1_teahouse_1_3	И симпатичный наг…	それに綺麗なナーガ…
370902	hub1_teahouse_1_4	Даже не начинайте.	ふざけるな。
370903	hub1_teahouse_1_5	А зачем тогда пришли?	じゃあ何しに来たの？
370904	hub1_teahouse_1_6	Чайный домик — не приют для бездомных.	茶屋は浮浪者の避難所じゃないわよ。
370905	hub1_teahouse_1_7	Мне нужен сопровождающий в город.	街まで案内してくれる奴が必要だ。
370906	hub1_teahouse_1_8	ТЕБЕ?!	あんたが⁈
370907	hub1_teahouse_1_9	Сопровождающий для дзинко?!	忍狐の案内役⁈
370908	hub1_teahouse_1_10	Мальчик, половина Империи захочет сдать за награду раньше…	坊や、帝国の半分は褒賞目当てにすぐにお前を売り飛ばすぞ…
370909	hub1_teahouse_1_11	Чем ты дойдёшь до соседней улицы.	隣の通りまで辿り着く前にね。
370910	hub1_teahouse_1_12	Да понял я уже, хватит ржать.	わかったわかった、笑うのはもういいぜ。
370911	hub1_teahouse_1_13	А куда тебе вообще надо?	てめえ、そもそもどこに行くつもりだ？
370912	hub1_teahouse_1_14	Вообще… нам нужна информация о дзинко. Документы, отчеты…	実は…忍狐についての情報が必要なんです。書類や報告書…
370913	hub1_teahouse_1_15	Может подскажите, где ее можно найти?	どこで見つけられるか、ご存じですか？
370914	hub1_teahouse_1_16	Вам нужно в Архивы.	帝国書庫へ行く必要がありますわ。
370915	hub1_teahouse_1_17	Там хранятся все старые документы Империи.	あそこには帝国の古い書類が全て保管されております。
370916	hub1_teahouse_1_18	И как туда попасть?	で、どうやって入るんだ？
370917	hub1_teahouse_1_19	Какое совпадение.	偶然ですねえ。
370918	hub1_teahouse_1_20	У меня предложение, которое будет выгодно нам обоим, молодой человек.	双方にとって有益な提案がございますの、若い方。
370919	hub1_teahouse_1_21	Доставь это послание нашему человеку в Нижнем Городе…	この手紙を下町の者へ届けてください…
370920	hub1_teahouse_1_22	И он даст тебе ключ от туннелей под городом.	そして奴が街の地下トンネルへの鍵を渡すだろう。
370921	hub1_teahouse_1_23	Там можно попасть в Архив.	そこから書庫へ行ける。
370922	hub1_teahouse_1_24	Сделка?	取引か？
370923	hub1_teahouse_1_25	Уговор.	決まりだ。
370924	hub1_teahouse_1_26	Леон, ты с ума сошел? Как ты проберешься через Нижний город?	レオン、正気か？どうやって下町を通り抜けるつもりだ？
370925	hub1_teahouse_1_27	По крышам.	屋根伝いだ。
370926	hub1_teahouse_1_28	Ой, какой самоуверенный.	まあ、自信家ね。
370927	hub1_teahouse_1_29	Мне нравится.	気に入ったわ。
370928	hub1_teahouse_1_30	Мне тоже.	私もね。
370929	hub1_teahouse_1_31	Я думаю у барахольщика Хадзуо ты найдешь что-нибудь…	骨董屋のハズオなら何か見つかると思う…
370930	hub1_teahouse_1_32	Что поможет тебе в этом пути.	この旅路でお前を助けるものじゃ。
370931	hub1_teahouse_1_33	Что именно?	具体的には何だ？
370932	hub1_teahouse_1_34	Он же барахольщик. Какое-нибудь барахло.	あの古物商じゃ。何かガラクタを。
370933	hub1_teahouse_1_35	Ладно, я загляну к нему.	わかった、あいつを訪ねてみるぜ。
370934	hub1_scrappy_1_1	А, мои племяннички вернулись!	おお、甥っ子たちが戻ってきたのか！
370935	hub1_scrappy_1_2	В поисках знаний, или вас привела нужда?	知識を求めてか、それとも困り事か？
370936	hub1_scrappy_1_3	Нужно что-то, чтобы по крышам пройти.	屋根伝いに進むための何かが必要なんだ。
370937	hub1_scrappy_1_4	По крышам, говорите…	屋根伝い、とな…
370938	hub1_scrappy_1_5	Ах! Это напоминает мне о мостах из бамбука времён императора Акито!	あっ！これはアキト帝時代の竹橋を思い出すわい！
370939	hub1_scrappy_1_6	Знаете ли вы, что его войска…	ご存知か？あの軍隊は…
370940	hub1_scrappy_1_7	Ты уверен, что у тебя в лавке вообще есть хоть что-то полезное?	てめえの店にマジで役に立つもんがあるのかよ？
370941	hub1_scrappy_1_8	Вот, к примеру, веер придворной дамы.	例えば、宮廷婦人の扇子じゃ。
370942	hub1_scrappy_1_9	Когда она убегала к любовнику, этот звук маскировал её шаги…	彼女が恋人に会いに行く時、この音が足音を隠したのじゃ…
370943	hub1_scrappy_1_10	Может, у тебя есть ещё бамбуковая зубочистка?	竹の爪楊枝とかねえのか？
370944	hub1_scrappy_1_11	Тоже пригодится, ага.	それも役に立つぜ、へっ。
370945	hub1_scrappy_1_12	Хадзуо, может быть, что-то попрактичнее?	ハズオ、もう少し実用的なものはありませんか？
370946	hub1_scrappy_1_13	А это — маска актёра.	これは役者の面じゃ。
370947	hub1_scrappy_1_14	Один вор использовал её, чтобы стоять неподвижно на площади и притворяться статуей…	ある泥棒がこれを使って、広場でじっと立ち、像のふりをしていたのじゃ…
370948	hub1_scrappy_1_15	ВСЁ, ХВАТИТ! Мне не нужна коллекция пиздежа!	もういい！　クソどうでもいい話はたくさんだ！
370949	hub1_scrappy_1_16	О! Инструмент кровельщиков.	おお！　屋根職人の道具じゃ。
370950	hub1_scrappy_1_17	С его помощью поднимали черепицу! Для тебя то, что нужно.	これで瓦を上げたんだ！お前にはぴったりだ。
370951	hub1_scrappy_1_18	Наконец-то. Хоть раз твой мусор оказался в тему.	やっとか。お前のガラクタが役に立つなんて初めてだぜ。
370952	hub1_scrappy_1_19	Спасибо, Хадзуо.	ありがとう、ハズオ。
370953	hub1_scrappy_1_20	История всегда знает, когда подоспеть.	歴史はいつだって、ちょうどいい時に現れるものさ。
370954	hub1_fisherman_quest_2_1	Малыш, а ты не видел тут рыбака?	坊や、ここで漁師さんを見かけなかった？
370955	hub1_fisherman_quest_2_2	Не мешайте мне, я занят.	邪魔しないで、忙しいんだ。
370956	hub1_fisherman_quest_2_3	Пока не сделаю, меня не трогайте.	終わるまで、放っておいて。
370957	hub1_fisherman_quest_2_4	И че ты делаешь?	で、何してんだ？
370958	hub1_fisherman_quest_2_5	Хочу чтобы моя лягушка допрыгала до корабля.	俺のカエルがあの船まで飛びたいんだ。
370959	hub1_fisherman_quest_2_6	Дай сюда!	よこせ！
370960	hub1_fisherman_quest_2_7	Я ЩАС КОМУ ТО УШИ ПООТРЫВАЮ!	今すぐ誰かの耳を引きちぎってやる！
370961	hub1_fisherman_quest_2_8	Твоя лягушка в трюме. Ну че, где рыбак?	お前のカエルは船倉にあるぜ。で、漁師はどこだ？
370962	hub1_fisherman_quest_2_9	Вау! Какой ты сильный!	わあ！すごく強いんだね！
370963	hub1_fisherman_quest_2_10	Да, дядя Унаги как всегда пьет, наверное. В банях.	うん、ウナギおじさんは相変わらず飲んでるよ、多分。銭湯で。
370964	hub1_fisherman_quest_2_11	Меня это начинает раздражать.	こいつにはうんざりしてきたぜ。
370965	hub1_fisherman_quest_2_12	Это разве не легкое задание?	これって簡単な依頼じゃないのか？
370966	hub1_fisherman_quest_2_13	Спасибо, мальчик! Ты нам очень помог!	ありがとう、坊や！君はとても助けてくれたよ！
370967	hub1_fisherman_quest_2_14	Идем в баню.	銭湯へ行くぜ。
370968	hub1_guard_1_1	Смотри!	見て！
370969	hub1_guard_1_2	За твою голову назначили награду!	お前の首に賞金がかかってる！
370970	hub1_guard_1_3	10 тысяч мон!	1万文！
370971	hub1_guard_1_4	Научись считать - ваще та 100 тысяч мон!	数え方を覚えろよ、てめえ、こいつは10万文だぜ！
370972	hub1_guard_1_5	Я только приехал, а уже надо ломать морды.	着いたばっかりなのに、もう顔をぶん殴らなきゃなんねえのかよ。
370973	hub1_guard_1_6	Не-не-не, мне столько не платят, шобы я даже смотрел в твою сторону.	やめろやめろ、俺がてめえの方なんか見るために払われる金じゃねえんだよ。
370974	hub1_guard_1_7	Вы в баню шли? Вот и идите. Иннара в помощь.	銭湯に行くんだろ？行けよ。インナラのご加護を。
370975	hub1_fisherman_quest_3_1	О, новые клиенты? Заходите, располагайтесь.	おお、新しい客か？入ってくつろいでくれ。
370976	hub1_fisherman_quest_3_2	А ничего, что мы нелюди?	俺たち非人だけど、いいのか？
370977	hub1_fisherman_quest_3_3	Мне все равно шерстяной ты или кожаный.	毛皮だろうが革だろうが、俺には関係ねえ。
370978	hub1_fisherman_quest_3_4	Хорошая баня нужна всем.	いい銭湯は誰にだって必要だ。
370979	hub1_fisherman_quest_3_5	Да и у нас тут не такое не смотрят.	それに、ここじゃそんなの気にしねえよ。
370980	hub1_fisherman_quest_3_6	Мокрая шерсть воняет.	濡れた毛は臭いぜ。
370981	hub1_fisherman_quest_3_7	Вот кого я не люблю, так это алкоголиков.	俺が嫌いなのは酔っ払いだ。
370982	hub1_fisherman_quest_3_8	…	…
370983	hub1_fisherman_quest_3_9	Ну да, я дал ему саке. Но кто же знал, что он так нажрется.	ああ、俺が酒をやったんだ。だがあいつがそんなに酔うとはな。
370984	hub1_fisherman_quest_3_10	Хотя… он каждый раз так нажирается.	まあ…いつもあんなに飲んでるけどな。
370985	hub1_fisherman_quest_3_11	Рыбак Унаги?	漁師のウナギか？
370986	hub1_fisherman_quest_3_12	Че надо?! Я отдыхаю.	なんだよ？！休んでるんだ。
370987	hub1_fisherman_quest_3_13	Ты меня достал.	お前にはうんざりだ。
370988	hub1_fisherman_quest_3_14	Ребят, выведите этого алкаша и сможете за мой счет потом попариться.	おい、この酔っぱらいを外に連れ出してくれ。そしたら俺の奢りでサウナに入れてやる。
370989	hub1_fisherman_quest_3_15	Слышь!	おい！
370990	hub1_fisherman_quest_3_16	Нам нужен нефритовый угорь для раменщика. Ты его поймал.	ラーメン屋のために翡翠のウナギが必要なんだ。捕まえたか？
370991	hub1_fisherman_quest_3_17	Может и поймал! А может и не поймал…	捕まえたかもしれねえ！　捕まえてないかもしれねえ…
370992	hub1_fisherman_quest_3_18	Тащи опохмел. Без этого я с места не сдвинусь.	二日酔いの薬を持ってこい。これがなきゃ動けねえ。
370993	hub1_fisherman_quest_3_19	Я тебя сейчас сам двину!	今すぐ動かしてやるぜ！
370994	hub1_fisherman_quest_3_20	Леон, успокойся. Я могу легко сделать то, что приведет его в чувство.	レオン、落ち着いて。簡単に彼を正気に戻せるものを作れるよ。
370995	hub1_fisherman_quest_3_21	Нужно лишь немного трав.	少しの薬草だけが必要なんだ。
370996	hub1_fisherman_quest_3_22	Здесь должна быть лавка травника.	ここに薬草屋があるはずだ。
370997	hub1_fisherman_quest_3_23	Ну пойдем поищем.	よし、探しに行くか。
370998	hub1_asuna_archive_1_1	О, приятно увидеть новый лица в Трущобах.	あら、スラム街に新しい顔が見られるなんて嬉しいわ。
370999	hub1_asuna_archive_1_2	Особенно такие необычные, как у вас.	特にあなた達のような珍しい顔はね。
371000	hub1_asuna_archive_1_3	Да, мы только приехали!	はい、僕たちは着いたばかりです！
371001	hub1_asuna_archive_1_4	Я еще не видел такой большой лавки с травами!	こんな大きな薬草屋さんは初めて見ました！
371002	hub1_asuna_archive_1_5	У вас тут столько всего! Даже желтый многолетник есть!	ここには何でもありますね！黄色い多年草まで！
371003	hub1_asuna_archive_1_6	Я его давно не видел.	ずっと見かけていませんでした。
371004	hub1_asuna_archive_1_7	Может хватит трепаться? Мы вроде по делу пришли.	おい、喋ってる場合か？用事があるんだろ。
371005	hub1_asuna_archive_1_8	Или мне вас оставить вдвоем?	二人きりにしてやるか？
371006	hub1_asuna_archive_1_9	Можешь и оставить. Я не против.	そうしてもいいわよ。構わないから。
371007	hub1_asuna_archive_1_10	Думаю, двоим нагам всегда есть о чем поговорить…	ナーガ同士、話すことくらいあるでしょう…
371008	hub1_asuna_archive_1_11	А у тебя горячее сердце. Я чувствую даже отсюда.	あなた、熱い心の持ち主ね。ここからでも感じるわ。
371009	hub1_asuna_archive_1_12	Наверное, как и у всех дзинко	たぶん、他の忍狐たちと同じようにね
371010	hub1_asuna_archive_1_13	И много ты видела дзинко?	で、お前は忍狐をたくさん見たことあるのか？
371011	hub1_asuna_archive_1_14	Ты первый. Они же главные враги империи, так что их всех переловили.	お前が初めてだよ。奴らは帝国の主要な敵だからな、全員捕まえられちまったんだ。
371012	hub1_asuna_archive_1_15	Я удивлена, что ты разгуливаешь без ошейника.	首輪なしで歩き回ってるのに驚いたよ。
371013	hub1_asuna_archive_1_16	Тут за каждым дзинко учет и слежка, не дай боги хоть один сбежит.	ここでは忍狐一人一人に記録と監視がついてるんだ、一匹でも逃がしたら大変だ。
371014	hub1_asuna_archive_1_17	И где этот «учет» можно посмотреть?	その「記録」ってどこで見られるんだ？
371015	hub1_asuna_archive_1_18	Я точно не знаю, но… я бы искала в Императорских архивах.	正確には知らないけど…帝国書庫を探すだろうね。
371016	hub1_asuna_archive_1_19	Там же буквально ВСЯ информация в Империи хранится.	そこには帝国のあらゆる情報が文字通り保管されてるから。
371017	hub1_asuna_archive_1_20	Наконец-то хоть что- то полезное!	やっとまともな情報か！
371018	hub1_asuna_archive_1_21	Вообще мы хотели купить сушёный корень имбиря и чёрный лотос.	実は乾燥生姜と黒蓮が欲しかったんだ。
371019	hub1_asuna_archive_1_22	У тебя найдется?	持ってる？
371020	hub1_asuna_archive_1_23	У тебя найдется?	持ってる？
371021	hub1_asuna_archive_1_24	Для тебя все найдется.	あなたのためなら何でも揃えてあげるわ。
371022	hub1_asuna_archive_1_25	Теперь понятно где искать информацию об Аки.	これでアキの情報を探す場所がわかったぜ。
371023	hub1_fisherman_quest_4_1	Ух, сразу жить захотелось. Спасибо вам, ребятки.	おお、急に生きる気力が湧いてきたよ。ありがとな、若いの。
371024	hub1_fisherman_quest_4_2	Угорь где?	ウナギはどこだ？
371025	hub1_fisherman_quest_4_3	Да я его продал в гейшам в чайном домике.	あれは茶屋の芸者さんに売っちゃったよ。
371026	hub1_fisherman_quest_4_4	Они мои любимые покупательницы.	あの子たちは俺のお気に入りのお客さんなんだ。
371027	hub1_fisherman_quest_4_5	БЛЯЯЯЯЯ…	クソォォォォ…
371028	hub1_fisherman_quest_4_6	Ладно. Чайный домик.	仕方ねえ。茶屋か。
371029	hub1_teahouse_2_1	Цуру, ты доставишь послание.	ツル、あなたが手紙を届けなさい。
371030	hub1_teahouse_2_2	Вынуждена отказать, госпожа Яэко. Я не хочу, чтобы меня видели в этом районе.	お断りします、八重子様。あの界隈で私が見られるのはごめんです。
371031	hub1_teahouse_2_3	Купец Сэго подумает, что я обслуживаю его конкурентов. А он мой лучший клиент.	瀬後商人が競合相手の相手をしていると思い込むでしょう。彼は私の最高のお客様ですから。
371032	hub1_teahouse_2_4	Я могу сходить, госпожа Яэко.	私が行けます、八重子様。
371033	hub1_teahouse_2_5	Момо, ты нюня и плакса. Ты все испоганишь. Поэтому пойти должна Цуру.	モモ、お前は泣き虫で弱虫だ。全部台無しにする。だからツルが行くべきだ。
371034	hub1_teahouse_2_6	Вы оглохли, госпожа Яэко? Я СКАЗАЛА, Я НИКУДА НЕ ПОЙДУ!	耳が遠いのですか、八重子様？行かないって言ったでしょうが！
371035	hub1_teahouse_2_7	Как будто у тебя есть выбор! Запомни, соплячка, ты моя собственность!	選択肢があると思ってるのか！覚えておけ、小娘、お前は俺の所有物だ！
371036	hub1_teahouse_2_8	Пока я приношу больше всего мон чайному домику, то могу делать что захочу.	私が茶屋に一番多くの文をもたらしている限り、好きなようにできるわ。
371037	hub1_teahouse_2_9	Ах, ты мелкая дрянь…	ああ、この小賢しい小娘め…
371038	hub1_teahouse_2_10	Извините, дамы, можно помешать вашей беседе…	失礼ですが、お嬢様方、お話の邪魔をしてもよろしいでしょうか…
371039	hub1_teahouse_2_11	А вам что надо, оборванцы?	お前ら何の用だ、ぼろぼろ野郎？
371040	hub1_teahouse_2_12	По вам сразу видно, что у вас нет денег, чтобы даже рядом с чайным домиком постоять.	お前ら金がなさそうなのは一目瞭然だぜ、茶屋の近くにすら立ってられないくらいだ。
371041	hub1_teahouse_2_13	Как хорошо, что мои кулаки бесплатные.	俺の拳がタダで使えるのはありがてえな。
371042	hub1_teahouse_2_14	Извините, нам просто нужно забрать угря, которого вам продали утром.	すみません、今朝売られたウナギを回収したいだけなんです。
371043	hub1_teahouse_2_15	АХХАХАХА, мальчики, у вас проблемы с вашими нефритовыми жезлами?	アハハハハ、坊ちゃんたち、翡翠の竿に問題でもあるの？
371044	hub1_teahouse_2_16	Че?	は？
371045	hub1_teahouse_2_17	Просто порошок из этой рыбы помогает мужчинам, чтобы их… жезл… ну, дольше…	その魚の粉は男の…竿が…えっと、長く…
371046	hub1_teahouse_2_18	По ним видно, что они нуждаются в этом.	彼らにはそれが必要そうだわ。
371047	hub1_teahouse_2_19	ВСЕ! Хорошо, что мне все равно кому бить морду.	もういい！ 誰の顔をぶっ飛ばしても構わねえからな。
371048	hub1_teahouse_2_20	Потише, потише, мальчик. Угря уже приготовили на кухне и подали клиентам.	落ち着きなさい、子よ。ウナギはもう調理されて客に出てしまったわ。
371049	hub1_teahouse_2_21	Ты опоздал, к сожалению.	残念だが、遅かったのよ。
371050	hub1_teahouse_2_22	Да и не советую тебе размахивать кулаками. У меня связи по всему городу.	拳を振り回すのはお勧めしませんよ。この街のあちこちに私の繋がりがありますから。
371051	hub1_teahouse_2_23	Стоит мне щелкнуть пальцами, и они узнают о том, что в Трущобах скрывается дзинко.	指を鳴らせば、スラム街に忍狐が潜んでいることを連中に知らせることができますわ。
371052	hub1_teahouse_2_24	А че, твои гейши много где бывают?	おい、お前の芸者たちはあちこち行くのか？
371053	hub1_teahouse_2_25	Да, обслуживают клиентов по всему городу.	ええ、街中の客のところへ伺っていますわ。
371054	hub1_teahouse_2_26	А в Архивах?	帝国書庫には？
371055	hub1_teahouse_2_27	Ближе к делу, молодой человек.	本題に入りなさい、若い人。
371056	hub1_teahouse_2_28	Мне нужно как то скрытно попасть в Императорские архивы.	帝国書庫にこっそり入る方法が必要なんだ。
371057	hub1_teahouse_2_29	Как я понимаю твои гейши знают как?	俺の考えでは、お前の芸者たちが方法を知ってるんだろ？
371058	hub1_teahouse_2_30	Какое совпадение. У меня предложение, которое будет выгодно нам обоим, молодой человек.	偶然ですね。お互いにとって都合の良い提案がありますわ、若い人。
371059	hub1_teahouse_2_31	Доставь это послание нашему человеку в Нижнем Городе и он даст тебе ключ от туннелей под городом.	この手紙を下町の私たちの者に届けてください。彼が街の地下のトンネルへの鍵を渡しますから。
371060	hub1_teahouse_2_32	Там можно попасть в Архив.	そこから書庫へ行けるのじゃ。
371061	hub1_teahouse_2_33	Сделка?	取引じゃな？
371062	hub1_teahouse_2_34	Уговор.	了解だぜ。
371063	hub1_teahouse_2_35	Леон, ты с ума сошел? Как ты проберешься через Нижний город?	レオン、正気か？下町をどうやって抜けるつもりだ。
371064	hub1_teahouse_2_36	По крышам.	屋根伝いだ。
371065	hub1_teahouse_2_37	Мне нравится твой настрой.	その心意気は気に入ったのう。
371066	hub1_teahouse_2_38	Я думаю у барахольщика Хадзуо ты найдешь что-нибудь, что поможет тебе в этом пути.	あの雑貨屋のハズオなら、道中の助けになるものを探せるじゃろう。
371067	hub1_teahouse_2_39	Что именно?	具体的には？
371068	hub1_teahouse_2_40	Он же барахольщик. Какое-нибудь барахло.	彼は雑貨屋じゃ。何かしらの雑貨じゃよ。
371069	hub1_teahouse_2_41	Ладно, я загляну к нему.	わかった、寄ってみるぜ。
371070	hub1_scrappy_2_1	А, мои племяннички вернулись!	ああ、我が甥たちが戻ってきたのじゃ！
371071	hub1_scrappy_2_2	В поисках знаний, или вас привела нужда?	知識を求めてか、それとも困窮に導かれてか？
371072	hub1_scrappy_2_3	Нужно что-то, чтобы по крышам пройти.	屋根伝いに進むための何かが必要なんです。
371073	hub1_scrappy_2_4	По крышам, говорите…	屋根伝い、とおっしゃる…
371074	hub1_scrappy_2_5	Ах! Это напоминает мне о мостах из бамбука времён императора Акито!	あっ！これはアキト帝時代の竹橋を思い出させるわい！
371075	hub1_scrappy_2_6	Знаете ли вы, что его войска…	ご存じか、その軍勢は…
371076	hub1_scrappy_2_7	Ты уверен, что у тебя в лавке вообще есть хоть что-то полезное?	お前の店にマジで役立つもんがあるのか？
371077	hub1_scrappy_2_8	Вот, к примеру, веер придворной дамы.	例えば、宮廷婦人の扇子じゃ。
371078	hub1_scrappy_2_9	Когда она убегала к любовнику, этот звук маскировал её шаги…	彼女が恋人のもとへ逃げる時、この音が足音を隠したのじゃ…
371079	hub1_scrappy_2_10	Может, у тебя есть ещё бамбуковая зубочистка? Тоже пригодится, ага.	竹の楊枝とかねえのか？それも役立つぜ、へへ。
371080	hub1_scrappy_2_11	Хадзуо, может быть, что-то попрактичнее?	ハズオ、もっと実用的なものはありませんか？
371081	hub1_scrappy_2_12	А это — маска актёра.	これは役者の面じゃ。
371082	hub1_scrappy_2_13	Один вор использовал её, чтобы стоять неподвижно на площади и притворяться статуей…	ある泥棒がこれを使って広場にじっと立ち、像のふりをしていたのじゃ…
371083	hub1_scrappy_2_14	ВСЁ, ХВАТИТ! Мне не нужна коллекция пиздежа!	もういい、やめろ！くそったれのコレクションなんて要らねえ！
371084	hub1_scrappy_2_15	О! Инструмент кровельщиков. С его помощью поднимали черепицу!	おお！屋根職人の道具じゃ。これで瓦を持ち上げたのじゃ！
371085	hub1_scrappy_2_16	Для тебя то, что нужно.	お前にぴったりのものじゃ。
371086	hub1_scrappy_2_17	Наконец-то. Хоть раз твой мусор оказался в тему.	やっとかよ。お前のガラクタがまさに役立つときも来たわけだな。
371087	hub1_scrappy_2_18	Спасибо, Хадзуо.	ありがとう、ハズオ。
371088	hub1_scrappy_2_19	История всегда знает, когда подоспеть.	歴史はいつも時宜を得て現れるものじゃ。
371089	hub1_fisherman_1_1	Давайте-ка потише. Вы мне всю рыбу распугаете.	ちょっと静かにしてくれ。魚が全部逃げちまうだろ。
371090	hub1_fisherman_1_2	Мужик, мы ни слова не сказали.	おい、俺たち何も言ってないぜ。
371091	hub1_fisherman_1_3	ТШШШШ! Садитесь и учитесь как надо ловить.	シーッ！ 座って正しい釣り方を学べ。
371092	hub1_fisherman_1_4	Вы тут каждый день рыбачите?	あなたは毎日ここで釣りをするんですか？
371093	hub1_fisherman_1_5	Когда рыбачу. Когда сплю. Когда похмелье пережидаю.	釣ってる時も、寝てる時も、二日酔いの時もな。
371094	hub1_fisherman_1_6	Море любит постоянство.	海は一貫性を好むんだ。
371095	hub1_fisherman_1_7	Понял. Алкаш с жизненной мудростью.	わかった。人生の知恵を持った酔っ払いか。
371096	hub1_fisherman_1_8	Я и пьяница и лучший рыбак во всей империи!	俺は酔っ払いで、かつ帝国一の漁師だ！
371097	hub1_fisherman_1_9	И тебя могу научить!	お前にも教えてやれるぜ！
371098	hub1_fisherman_1_10	Пить?	飲むことか？
371099	hub1_fisherman_1_11	Ловить рыбу! Приходите в любое время.	魚を釣ることだ！ いつでも来いよ。
371100	hub1_fisherman_1_12	Спасибо за приглашение!	お招きありがとうございます！
371101	hub1_asuna_1_1	Ого, Дзинко и Наг?	おや、忍狐とナーガ？
371102	hub1_asuna_1_2	Давно не встречала своих, да еще таких симпатичных…	久しぶりに同族に会えたわ、それもこんなに可愛い子たち…
371103	hub1_asuna_1_3	Кхмх! У вас столько редких трав… Потрясающе.	くふっ！珍しい薬草がたくさん…素晴らしいですね。
371104	hub1_asuna_1_4	А еще настоек,мазей, ядов… Смотря что именно вам нужно.	エキスや軟膏、毒も…何がお求めかによりますけど。
371105	hub1_asuna_1_5	Хотя тебе я бы просто посоветовала побольше отдыхать.	でもあなたには、もっと休むことをお勧めするわ。
371106	hub1_asuna_1_6	У тебя сердце слишком быстро бьётся.	心臓の鼓動が速すぎるの。
371107	hub1_asuna_1_7	Ч-что?..	え、えっ？..
371108	hub1_asuna_1_8	Меня сейчас стошнит.	俺、今にも吐きそうだぜ。
371109	hub1_asuna_1_9	А ты чего такой колючий?	あんた、どうしてそんなにトゲトゲしてるの？
371110	hub1_asuna_1_10	Боишься, что я уведу твоего друга?	私がお前の友達を奪うのが怖いのか？
371111	hub1_asuna_1_11	Чего?! За языком следи.	なんだと？！口の利き方に気をつけろ。
371112	hub1_asuna_1_12	Милый ребёнок.	可愛い子ね。
371113	hub1_asuna_1_13	Ладно, если понадобятся редкие травы или зелья — вы знаете, где меня искать.	まあいい、珍しい薬草やポーションが必要なら――どこにいるかはわかってるでしょ。
371114	hub1_bathman_1_1	ЭЙ ВЫ! Шерстяной! Чешуйчатый! Да-да, я вам!	おいお前ら！毛むくじゃら！鱗野郎！そうそう、お前たちだ！
371115	hub1_bathman_1_2	… Чего ему надо?	…あの男、何がしたいんだ？
371116	hub1_bathman_1_3	По лицам вижу — мышцы забиты!	顔を見ればわかる――筋肉が凝り固まってる！
371117	hub1_bathman_1_4	Спины деревянные! Душа уставшая!	背中がカチコチ！魂が疲れ切ってる！
371118	hub1_bathman_1_5	Вам срочно нужна баня!	緊急で銭湯が必要だ！
371119	hub1_bathman_1_6	Вообще-то… звучит не так уж плохо.	実際…悪くない響きだね。
371120	hub1_bathman_1_7	Даже не начинай.	言うなよ。
371121	hub1_bathman_1_8	Пять минут в пару — как заново родишься!	湯気に5分浸かれば生まれ変わる気分だぜ！
371122	hub1_bathman_1_9	Чтобы снова проживать всю эту херь? Ну уж нет!	またあのクソみたいな目に遭うのか？　まっぴらごめんだぜ！
371123	hub1_bathman_1_10	Это потому что ты ещё нормально не пропотел!	お前さん、まだしっかり汗をかいてないからだよ！
371124	hub1_bathman_1_11	Заходите, бойцы! Сегодня и каждый день банный марафон!	ようこそ、勇士たち！　今日も毎日も銭湯マラソン開催中！
371125	hub1_fisherman_quest_5_1	Ты можешь поймать еще одного угря?	もう一匹、ウナギを捕まえてくれませんか？
371126	hub1_fisherman_quest_5_2	Сам ловить? Ха… нет уж.	俺が釣る？　はあ…やめておくぜ。
371127	hub1_fisherman_quest_5_3	Мои руки… для кружки, не для удочки.	俺の手は…湯飲み用だ、釣り竿用じゃねえ。
371128	hub1_fisherman_quest_5_4	Но вас научу…	だが教えてやる…
371129	hub1_fisherman_quest_5_5	Так ты пьяный вусмерть.	てめえ、べろんべろんじゃねえか。
371130	hub1_fisherman_quest_5_6	Чему ты вообще можешь научить?	一体何を教えられるんだ？
371131	hub1_fisherman_quest_5_7	Рыбу не я ловлю.	魚を釣るのは俺じゃない。
371132	hub1_fisherman_quest_5_8	Рыба сама приходит… если правильно позвать.	魚は勝手に来る…正しく呼べばな。
371133	hub1_fisherman_quest_5_9	Сушёная лягушка — приманка.	干したカエルは餌だ。
371134	hub1_fisherman_quest_5_10	Бросаешь туда, под корягу.	あそこへ投げる、流木の下に。
371135	hub1_fisherman_quest_5_11	Дёргаешь… три раза. Три. Не два… не пять. Три.	引っ張る…三回だ。三。二じゃない…五でもない。三。
371136	hub1_fisherman_quest_5_12	Может, ещё хором посчитаем? Раз, два, три?	みんなで数えてみるか？いーち、にーい、さーん？
371137	hub1_fisherman_quest_5_13	Посчитайте. Угрю всё равно…	数えてくれ。ウナギはどうでも…
371138	hub1_fisherman_quest_5_14	а вам веселее будет.	お前らは楽しめるだろ。
371139	hub1_fisherman_quest_5_15	Спасибо. Мы попробуем.	ありがとう。やってみます。
371140	hub1_fisherman_quest_5_16	Ну… вот. У вас пошло…	うーん…ほら。うまくいった…
371141	hub1_fisherman_quest_5_17	Зови, если цунами… а мне надо проспаться…	津波が来たら呼んでくれ…俺は寝てなきゃ…
371142	hub1_fisherman_quest_5_18	Вот охеревший.	こいつ、ぶっ飛んでやがる。
371143	hub1_fisherman_quest_5_19	Зато мы хорошо проведём время.	でも、僕たちは楽しい時間を過ごせるよ。
371144	hub1_fisherman_quest_5_20	Ну… посмотрим.	まあ…見てみようぜ。
371145	hub1_fisherman_quest_6_1	Когда я этого угря выловлю…	このウナギを捕まえたら…
371146	hub1_fisherman_quest_6_2	я из него всю дурь выбью.	こいつのバカさを叩き出してやる。
371147	hub1_fisherman_quest_6_3	Какого черта так долго.	なんでこんなに時間かかるんだよ。
371148	hub1_fisherman_quest_6_4	В тебе так много экспрессии!	君はすごく表現力が豊かだね！
371149	hub1_fisherman_quest_6_5	Я никогда не встречал никого подобного.	こんな人、今まで会ったことないよ。
371150	hub1_fisherman_quest_6_6	Так, я не понял.	ちょっと、わかんねえぜ。
371151	hub1_fisherman_quest_6_7	Ты меня типа унизил или мне показалось?	てめえ、俺をバカにしてんのか？それとも気のせいか？
371152	hub1_fisherman_quest_6_8	Нет, нет, нет! У тебя очень необычная речь.	いやいやいや！君の話し方はとても独特だよ。
371153	hub1_fisherman_quest_6_9	Ты рубишь с плеча…	君はぶっきらぼうで…
371154	hub1_fisherman_quest_6_10	но всегда своими словами попадаешь прямо в суть.	でもいつも言葉の核心を突いてくる。
371155	hub1_fisherman_quest_6_11	В твоей деревне все так общаются?	君の村のみんなもそうやって話すの？
371156	hub1_fisherman_quest_6_12	Такие же эмоциональные?	みんな同じように感情的なの？
371157	hub1_fisherman_quest_6_13	А, ты про это.	ああ、それか。
371158	hub1_fisherman_quest_6_14	Этот базар мне достался от мразей, у которых я провел всю свою жизнь.	この口の利き方は、俺が一生を過ごしたクソ野郎どもから覚えたんだ。
371159	hub1_fisherman_quest_6_15	А как было в моей родной деревне… я уже плохо помню.	俺の故郷の村がどうだったか…もうよく覚えてないぜ。
371160	hub1_fisherman_quest_6_16	Совсем ничего?	まったく何も？
371161	hub1_fisherman_quest_6_17	Я помню сестру, как она мне лепила онигири…	姉がおにぎりを握ってくれたのを覚えてる…
371162	hub1_fisherman_quest_6_18	как она заставляла убираться в нашей хижине	小屋の掃除をしろってうるさく言ってたこと
371163	hub1_fisherman_quest_6_19	постоянно играла со мной и шутила.	いつも一緒に遊んで冗談を言ってた
371164	hub1_fisherman_quest_6_20	Смешила меня. Мне казалось, что все будет хорошо.	俺を笑わせてくれた。全部うまくいくって思えてた
371165	hub1_fisherman_quest_6_21	Ну… рядом с ней - всегда так было.	まあ…姉の側にいるときは、いつもそうだった
371166	hub1_fisherman_quest_6_22	Мне так жаль это слышать.	お気の毒に
371167	hub1_fisherman_quest_6_23	Тебе наверное пришлось тяжело.	きっと大変だったでしょう
371168	hub1_fisherman_quest_6_24	Но хорошо, что у тебя есть эти воспоминания о сестре.	でも、姉さんの思い出があるのは良いことです
371169	hub1_fisherman_quest_6_25	Они как светлячки в ночи - выведут тебя на верный путь.	夜の蛍のように、正しい道へ導いてくれますよ
371170	hub1_fisherman_quest_6_26	…	…
371171	hub1_fisherman_quest_6_27	Слышь?	おい？
371172	hub1_fisherman_quest_6_28	Этим задротским словечкам тебя твои родители чудилы научили?	そういうオタク言葉、親のクソ蜘蛛に教わったのか？
371173	hub1_fisherman_quest_6_29	Ну… да.	ええ…そうです。
371174	hub1_fisherman_quest_6_30	Наги редко выбирают стезю воина…	ナーガが戦士の道を選ぶことは稀で…
371175	hub1_fisherman_quest_6_31	большинство из нас становятся врачевателями, счетоводами, поэтами,	ほとんどの者は癒し手や会計士、詩人になります。
371176	hub1_fisherman_quest_6_32	некоторые становятся историками.	中には歴史家になる者もいます。
371177	hub1_fisherman_quest_6_33	Я даже встречал парочку адвокатов.	弁護士にだって二人ほど会ったことがあります。
371178	hub1_fisherman_quest_6_34	Поэтому мои родители с детства обучали меня грамоте.	ですから両親は幼い頃から私に読み書きを教えました。
371179	hub1_fisherman_quest_6_35	ОК, лучше бы я не спрашивал.	OK、聞かなきゃよかったぜ。
371180	hub1_fisherman_quest_6_36	Все про тебя понятно, чудила.	お前のこと、よくわかったぜ、変なやつ。
371181	hub1_fisherman_quest_6_37	Что бы сказали твои родители, увидев тебя с таким как я?	お前の親父さんや親母さんが、俺みたいな奴とお前が一緒にいるのを見たら何て言うか。
371182	hub1_fisherman_quest_6_38	Ловящим сранного угря посреди самого вонючего уголка Столицы? А?	首都で一番臭い場所の真ん中で、くそったれのウナギを釣ってるのを見たら？な？
371183	hub1_fisherman_quest_6_39	Ничего.	何も。
371184	hub1_fisherman_quest_6_40	Почему?	なぜだ？
371185	hub1_fisherman_quest_6_41	Когда в нашу деревню пришли рабовладельцы…	奴隷商人が僕たちの村に来た時…
371186	hub1_fisherman_quest_6_42	мама и папа не захотели отдавать меня.	母さんも父さんも、僕を引き渡そうとしなかった。
371187	hub1_fisherman_quest_6_43	Их больше нет.	彼らはもういない。
371188	hub1_fisherman_quest_6_44	Оу. Я немного перегнул. Извини.	おっと。言い過ぎた。悪かった。
371189	hub1_fisherman_quest_6_45	Я так рад, что мы узнали друг друга лучше!	お互いをより深く知ることができて、本当に嬉しいよ！
371190	hub1_fisherman_quest_6_46	Мда, чувствую что ты от меня не отвалишь.	ふん、てめえは俺から離れそうにないな。
371191	hub1_fisherman_quest_6_47	ЕПТ, УГОРЬ! НАКАНЕЦТА!	くそっ、ウナギ！　やっと捕まったぜ！
371192	hub1_fisherman_quest_6_48	Ура! Мы сделали это!	やった！　私たち、やりましたね！
371193	hub1_fisherman_quest_7_1	О! Нефритовый угорь!	おお！　翡翠のウナギ！
371194	hub1_fisherman_quest_7_2	Спасибо вам, ребята.	ありがとう、若い衆。
371195	hub1_fisherman_quest_7_3	Надеюсь, моя просьба не доставила слишком много хлопот?	わしの願いで、ずいぶん手間を取らせなかったか？
371196	hub1_fisherman_quest_7_4	Что вы! Совсем нет. Мы были рады помочь.	とんでもない！　全然です。お手伝いできて嬉しいです。
371197	hub1_fisherman_quest_7_5	Ты нас отправил к рыбаку. А его нет, он бухой!	お前さん、俺たちを漁師のところへ行かせたが、あいつはいない、酔っぱらってやがる！
371198	hub1_fisherman_quest_7_6	И мы пошли в баню.	それで銭湯に行ったんだ。
371199	hub1_fisherman_quest_7_7	Банщик отправил к травнице, потом обратно в баню,	番台が薬売りのところへ行けと言うから、また銭湯に戻って、
371200	hub1_fisherman_quest_7_8	потом поперлись к гейшам, потом к барахольщику!	それから芸者どものところに行って、それから古物商のところに行ったぜ！
371201	hub1_fisherman_quest_7_9	И в итоге сами выловили эту сраную рыбу!	結局あのクソ魚は自分たちで釣り上げちまった！
371202	hub1_fisherman_quest_7_10	Так что да. Было пиздец как несложно.	だからな。めちゃくちゃ簡単だったぜ。
371203	hub1_fisherman_quest_7_11	Леон…	レオン…
371204	hub1_fisherman_quest_7_12	Эм… Ну…	えっと…まあ…
371205	hub1_fisherman_quest_7_13	В таком случае следующий рамен за мой счёт.	それじゃ次のラーメンは俺のおごりだ。